site,Es_var,r_swc,p_swc,s_swc,i_swc,r_vpd,p_vpd,s_vpd,i_vpd,r_sw,p_sw,s_sw,i_sw,r_ta,p_ta,s_ta,i_ta
AUS_RIC_EUC_ELE,Ete_Es_mm_day_y,-0.10020781204573086,0.3586166910137063,-0.5962956394528349,2.155302413451804,-0.29186724181278684,0.006397128150298851,-0.12733554809897946,2.3519651803695787,0.4711471359955202,4.685542829695818e-06,0.0011835803674957973,1.4855152819859065,-0.2045744159478166,0.05883572452666499,-0.019849742758771948,2.635962283614477
AUS_WOM,Eob_Es_mm_day_y,0.18139101027503135,0.03966201559956974,9.009883747808562,10.126321111246352,0.7063870198777176,8.6591386387537e-21,2.1686316925094937,8.968210948825433,0.4263836095572036,4.6970891996997585e-07,0.00899830286319848,5.99824387415896,0.7181364968664489,9.851396905825099e-22,0.35085191248567066,4.947423193789376
AUS_WOM,Eru_Es_mm_day_y,-0.14937871050964605,0.09110530932281807,-3.2147651978831013,5.135989494202603,0.8129049513113221,1.3188714975750798e-31,1.0812845136620168,3.0862162030614657,0.39038576824770954,4.794227414057792e-06,0.003569531392310017,2.20150161947965,0.8260239812055832,2.02943078717451e-33,0.17485039975934405,1.0831168979330923
AUT_TSC,Psy_Es_mm_day_y,0.33649895382498207,0.20253178074681877,4.821284485177779,0.8397671568494673,0.6234899252521289,0.009861689270921336,0.4881169560104396,0.6149132115713852,0.7472005447368587,0.00087901649620244,0.0024520101397513747,0.15560802513529692,0.41809202474737506,0.10706148648569526,0.054507814986528604,0.09633357107530682
CAN_TUR_P39_POS,Pst_Es_mm_day_y,0.6122362381296421,2.5833465841222565e-09,33.270013153753695,0.4534814569186385,0.06866383699889059,0.5502820771986218,0.255050227799728,2.9127247414019664,0.37288871459883016,0.0007731517305186203,0.004589451389950762,0.5298695605767589,-0.20257235956272168,0.07529283662383625,-0.080817270482947,5.093445673098261
CAN_TUR_P39_PRE,Pst_Es_mm_day_y,0.14449677450386414,0.29255232213639004,4.22295702046443,1.7785751553903775,0.1413849247490471,0.3031797809829767,0.2685213737160718,1.898505993814107,0.051980852193521825,0.7062473286448232,0.0003212047919881476,1.9592981659808908,-0.13334000789402353,0.33179468496844944,-0.02445424881171865,2.67843643633186
CAN_TUR_P74,Pst_Es_mm_day_y,0.5252848255174505,1.829288052623452e-06,35.49463936560455,0.23987448634735076,0.02900474266965529,0.8075479131045666,0.10005103511950965,3.1510967977917224,0.501409370065808,6.222918437270148e-06,0.006578725615252985,-0.41474906340636375,-0.07045152860885244,0.5536594316794969,-0.027434577418211988,3.8713171825331876
CHE_DAV_SEE,Pab_mean_y,-0.3139796958398795,0.2362990883269574,-1.7287570645888362,1.1652583418382538,0.8756989527662554,8.796348831389023e-06,0.15753379228171582,0.48382038639472147,0.5264062289797288,0.036193442775839975,0.00047212075342012563,0.4903222637275032,0.5890673691476596,0.016349679589942878,0.009608286931651232,0.5989823771673982
CHE_PFY_CON,Psy_Es_mm_day_y,0.6431447337636763,9.528836626205843e-05,53.33074237716548,-5.873601125244029,-0.15629582366974462,0.40111286928684786,-0.325076139247546,2.4845958907147554,0.2233965486800086,0.22702989657927808,0.004475800889317448,-0.28951906267895255,-0.1106268136957395,0.5535456309733646,-0.0402150392831436,2.9159337369228466
CHE_PFY_IRR,Psy_Es_mm_day_y,0.6961518803284727,0.5097880177932015,4.314628658368614,-0.12382814789752017,0.9771534514944547,0.13634391172780627,0.8829465388056338,-0.08650779435965794,0.5396405290931862,0.6371203171414641,0.0023312986974431847,-0.14052551198086494,0.6134772454164555,0.579540473671592,0.14818018912850664,-2.459691265204322
CZE_BIK,Pab_Es_mm_day_y,0.12032222367166408,0.6953960457332105,4.959793396756298,2.899105776303153,0.598441221762417,0.030715583230400724,1.204600310455524,3.157095487764949,0.7658364305341906,0.0022726839086956376,0.004454901431742284,1.9814728449802983,0.3215841950840149,0.28396684537628186,0.07559448556456226,2.9385729355643306
CZE_LAN,Cbe_Es_mm_day_y,0.055593581904726214,0.7704505434703327,0.2401274517661567,0.7014765730271569,0.9193296276740396,7.353400548971802e-13,0.37756122523804553,0.2972666807871485,0.9082888894766804,4.132025748907782e-12,0.0016031748526453109,-0.022475839199604275,0.7491401747954962,1.90896739369568e-06,0.0420715456109127,-0.1599580554380915
CZE_LAN,Fex_Es_mm_day_y,0.3866533642641181,0.03480018731134674,0.7755781067016743,0.3408381485059033,0.7266847327274426,5.435903665255136e-06,0.13859538157582107,0.4380701834634745,0.8412104862729843,5.844295422464228e-09,0.0006895220521757994,0.2696708858499954,0.5720881744920283,0.0009563372522552118,0.014920210220827183,0.28201688312298334
CZE_LAN,Qro_Es_mm_day_y,-0.4175362630737007,0.02168956319169047,-1.5392063748968783,1.427059568324143,0.8719737322968869,3.49870751253281e-10,0.30563636814074785,0.48046417347670006,0.7729500199212729,5.552565667365888e-07,0.001164377489340655,0.2890084817099391,0.785601634604794,2.708831786102928e-07,0.03765418530953204,0.029349992722479734
CZE_LIZ_LES,Pab_Es_mm_day_y,0.09244067976240262,0.5320326976432814,2.0703318062935856,1.3341283528057908,0.6397753064099105,2.227670736695605e-06,0.8482028325708145,0.7993065268961824,0.08233731031256716,0.5779655740010968,0.0003801890741485989,1.508320164318763,0.6991197518576291,9.200693530655466e-08,0.11266733890227235,-0.39822476395879125
CZE_STI,Fsy_Es_mm_day_y,-0.14171586630007577,0.43911531295685546,-11.471854621622374,8.786688075457947,0.7986032232235245,4.313557633848341e-08,2.6713871208518403,3.1578524918509148,0.8948701823223716,4.946117474399279e-12,0.011099265112532604,0.41571737124312325,0.6954855475140951,9.942674127458326e-06,0.3027805717283712,-0.8239125386849651
DEU_STE_4P5,Fsy_Es_mm_day_y,0.1122677299884604,0.3771082402994732,5.823002301640385,2.8413278974872127,-0.15663555491983516,0.21644615816003482,-0.25609720052896606,3.559501713453596,0.12184786477669345,0.3374827740916303,0.0010086080640085363,2.8678585303816018,-0.05843125106908844,0.6465005087504805,-0.013928837012117909,3.5694057644886907
ESP_ALT_ARM,Pni_Es_mm_day_y,0.65612979586903,2.3889322266683576e-06,6.027489147958881,0.3526856625034217,-0.15486072214079918,0.32745714835383943,-0.10623022110415764,0.8168684024250059,0.5846765553798123,4.783255943906371e-05,0.002622916276007732,-0.6683759000119791,0.0859605414141326,0.5883149879549299,0.010468680650232315,0.3589282355533077
ESP_ALT_ARM,Qfa_Es_mm_day_y,0.32326451380612586,0.03677956814776929,1.8745029053371827,1.0608052370087626,-0.08378264548584417,0.5978350067233686,-0.036277911982980554,1.2117034166511729,0.49752140053287985,0.0008015220574545649,0.001408840808458474,0.45587626890156296,0.10202411856311845,0.5202766688753702,0.00784290706944023,0.9560232305085306
ESP_ALT_ARM,Qil_Es_mm_day_y,0.21332003511325792,0.17496450789735363,1.701709061466137,0.706149060400232,0.11915105687907471,0.45231147261821825,0.07097602812324703,0.6334373229748884,0.49095312857629514,0.0009626184856098464,0.0019125630816105472,-0.1500057737859457,0.331403857243784,0.0320390279627708,0.03504752518258847,-0.038718736103456886
ESP_ALT_HUE,Pni_Es_mm_day_y,0.4485909648401718,0.12416604207800332,3.7995467187224983,1.2057822405247627,-0.483384608266896,0.09423765418821965,-0.13625579858517242,1.5537202545280902,-0.43065085762453853,0.1418237305279731,-0.0016949495903938797,2.1936314920019626,-0.45038660558071836,0.1224837006741972,-0.014901468559256526,1.639997208709502
ESP_ALT_HUE,Qfa_Es_mm_day_y,-0.6359866318871534,0.019461326181153486,-2.2733338322131256,0.8148431858084371,0.7452393686332555,0.003460415915308651,0.08865269171067018,0.5938120890642165,-0.12579856028415712,0.6821696097631466,-0.0002089493873384857,0.8628416497642195,0.7956858129900192,0.0011422531335204822,0.01111013102360953,0.5061608112732378
ESP_CAN,Aun_Es_mm_day_y,0.620515107447163,5.2011766507771894e-14,0.29563255189024895,0.0015397663094532457,-0.12284849394841924,0.1831820641137412,-0.003589849792868532,0.04809806613435852,0.28610454589281503,0.0016088501242653166,5.828845833595488e-05,0.008913568099266647,-0.20330569889218664,0.026581582042690878,-0.0014808201033212742,0.08018385798905875
ESP_CAN,Pha_Es_mm_day_y,0.8919917352547357,2.436772777847661e-38,2.844645528611588,-0.2687810421644118,-0.36698546425596645,9.35784849439159e-05,-0.0774613389676703,0.2533189904323946,0.05025974083823702,0.6054609300665852,7.725571262960614e-05,0.08433478313429187,-0.3720974313639664,7.329849999584594e-05,-0.019073178602613514,0.6143731327683981
ESP_CAN,Qil_Es_mm_day_y,0.7507456763857173,8.332810817284805e-23,9.401350964163296,-0.0732759655136832,-0.23746468774746388,0.009311568017692019,-0.18239083464192382,1.5179177220520346,0.27150184693681184,0.00281925848860059,0.0014538785601214959,0.3900354211497128,-0.38884359826989984,1.2409382123673587e-05,-0.0744432347014578,3.127805055697973
ESP_CAN,Qpu_Es_mm_day_y,0.6474365818949911,1.768032010399389e-15,1.9381995834269312,0.007181715369604547,-0.3499196180576372,9.581617191444888e-05,-0.0642504392125811,0.3784223972812111,-0.015964639930999693,0.8631809400362229,-2.0437054687844095e-05,0.28597041885623997,-0.3288643702932529,0.0002604732306054604,-0.015051193587171682,0.6595415294794834
ESP_TIL_MIX,Psy_Es_mm_day_y,0.7912570070979569,2.9638344511145075e-54,3.176349089281468,-0.2306904291086126,-0.021301892924744565,0.7390398417611914,-0.006994252703670997,0.21966300375630737,0.25469900237671406,5.1307358304450585e-05,0.00046640058159730884,-0.05920788003626787,-0.10632955139323712,0.09544416840790225,-0.0056781161836439616,0.33259004593606306
ESP_TIL_MIX,Qil_Es_mm_day_y,0.42806843748486156,1.9919999693575744e-12,4.8697756430598025,0.35607949363645897,0.09596137618078725,0.13258803091529572,0.08929038135558023,0.9225109621216034,0.48159032990669925,9.55532796920574e-16,0.002499163592878985,-0.4145933530641517,0.011421853987137921,0.8582488218066064,0.0017285103537397865,0.9962183212141286
ESP_TIL_OAK,Qil_Es_mm_day_y,0.7009358501967364,3.6756295642962456e-15,17.417311148722412,-1.0570263115148435,0.03578102532220496,0.732066486993192,0.06056797213093462,1.5217878092749868,0.43918968343485393,9.497323215951481e-06,0.0038099294415467073,-0.6236352930024245,-0.12331738834730901,0.23635956105876785,-0.03353597041562072,2.323206596867543
ESP_TIL_PIN,Psy_Es_mm_day_y,0.7503607611077047,1.6836419457869793e-21,4.894344580368952,-0.5306503165551838,0.13708896836843912,0.14948529122210322,0.11580474298750651,0.4355665299825554,0.35013736091916015,0.00015404248779245065,0.0016680930057962515,-0.38507790511930984,0.07202066682772329,0.4504739230694157,0.009646388907346759,0.3729987223240758
ESP_VAL_BAR,Qpu_Es_mm_day_y,-0.44360438495804627,0.00021465677447121017,-5.91745486716041,4.403325381649028,0.5540971788606472,1.681144875211367e-06,0.7917829780305892,1.5580323658799358,0.20586977180919305,0.09991912120116588,0.0027270966246533443,1.5945393491388054,0.45779061676957344,0.00012594038411040682,0.11168098164469197,0.19894386247911378
ESP_VAL_SOR,Psy_Es_mm_day_y,0.4386306900410873,0.001143284926302421,14.321366299001449,1.5761616066658513,-0.1955638019224318,0.16470908110810806,-0.35447152869198584,4.463867909293006,0.33110539395303323,0.016500414732504177,0.004531216295314259,1.6076378601278645,0.014742406516697894,0.9173833686493648,0.004922920926138102,3.9693378038164284
FIN_PET,Bpu_Es_mm_day_y,-0.14112591682488781,0.5106863119985603,-3.648750884279206,0.9436476273096306,0.4254663982010932,0.038194992744987256,0.5096719856918036,0.4025435104340878,0.5502937834941514,0.005333024576777229,0.0031853311917915132,0.2758607724604304,0.09555217078760248,0.6569432251519629,0.006451906168050708,0.540010423673928
FRA_PUE,Qil_Es_mm_day_y,0.3923128921801791,4.058467529642797e-18,19.88616797147494,-0.0034970717661710893,-0.09724081522165928,0.04010123780183478,-0.19621397082299302,2.7891198008446123,0.4669818773149577,6.471946328283868e-26,0.005817423384683569,-1.1518108547955483,-0.14756358112751328,0.001758499875499929,-0.05315674986045313,3.7469425171908926
GBR_ABE_PLO,Psi_Es_mm_day_y,0.18466171367577697,0.49356201973151126,2.1078074171401067,-0.15252702711002897,-0.16158911960026826,0.5499224084670111,-0.29065796285003787,0.7975223150595048,-0.11757390753776116,0.6645384041928216,-0.0002656778113292784,0.725798526906275,-0.1468960129724136,0.5872122164935052,-0.018855482705071345,0.8820144962638405
GBR_DEV_CON,Psy_Es_mm_day_y,-0.31856805697407464,0.014801735012603784,-1.836311558002799,3.1686013896820286,0.7263719122601443,1.0927924714082578e-10,1.4257505260367873,2.0306511264214624,0.48509309117268895,0.00011373681646515919,0.002608493882812683,1.930323870602398,0.5029111279406511,5.738591540328782e-05,0.10179384517596392,1.1675816661261855
GBR_DEV_DRO,Psy_Es_mm_day_y,0.48343230722394887,0.0001209949108318459,21.526029249952895,0.4099130241099904,0.32271366921811445,0.013484543426710346,1.290886652767683,1.3653073207277617,0.5488737224766481,8.152394319671215e-06,0.006014830918578901,-0.08566256230497649,-0.1532050289523485,0.25089872356978554,-0.06319599362304351,3.2302864594600367
GBR_GUI_ST1,Psy_Es_mm_day_y,-0.11597513569724306,0.7496892062252005,-1.3477482360979853,1.00135378233133,0.7062449668943427,0.022440419167507202,0.330147947512207,0.20301192127567572,0.6310129436853498,0.05042029952028015,0.001070778219742064,0.12482082452255133,0.7681216691559485,0.009457337645737402,0.024175028820399496,0.031403936481159966
GBR_GUI_ST2,Psy_Es_mm_day_y,0.3321538758357201,0.17809315534544423,0.3588684805416401,0.37165264566641,0.23966569334957197,0.35418506837792374,0.08501229185982571,0.43440118212689555,0.8177783457585892,3.390740542652971e-05,0.0008531438136094664,0.216239700112064,0.23397300652874856,0.3660738080775976,0.006413774451230481,0.3850136477909016
GBR_GUI_ST3,Psy_Es_mm_day_y,-0.07294041170700753,0.7808558574179489,-0.09786674622408634,0.37336512248880405,0.5790324429153906,0.018758301768901912,0.16787063713777647,0.23206720554157365,0.8844048473898647,2.4490023461687633e-06,0.0007444030364746802,0.10242551455482649,0.6024486921581872,0.013520396948202267,0.013608588554406496,0.11772461667930051
GUF_GUY_GUY,Ggl_Es_mm_day_y,0.4787764934787579,4.095630377386113e-07,0.013171987185465925,0.00484061385198965,0.07019445358000564,0.48547383888959716,0.0005232715559715821,0.006497214391689458,0.13719973869354352,0.17126295433861846,2.669190505336348e-06,0.005626049074470891,-0.15887122791111313,0.1125447122739832,-0.00022941925421340035,0.013426566631591492
GUF_GUY_GUY,Isa_Es_mm_day_y,-0.7252569715577559,1.7877084899352522e-11,-0.07390835499651265,0.06407051322006051,0.7442830735896616,2.7311749896608527e-12,0.024039731184663543,0.02798249262058662,0.5919345972850443,3.230131553545327e-07,5.7589854502518826e-05,0.021331609203761797,-0.13086865285439747,0.3066190404536116,-0.001071456975413353,0.08223861593214282
GUF_GUY_GUY,Lme_Es_mm_day_y,0.2007089296137281,0.08007264354941075,0.007475218609556271,0.003492140958958464,-0.14866709094409591,0.19691355502308544,-0.001441539388217307,0.006138800745558753,0.07820277927027278,0.4990159753961525,1.874564456627549e-06,0.0036865108025620832,0.4073334763206154,0.00023629124285684357,0.0007648142938140699,-0.016827130051810607
GUF_GUY_GUY,Oas_Es_mm_day_y,0.6774645149528428,7.280045546511152e-15,0.06510730070360841,0.017075535074377174,0.08970873773176231,0.3723177911646598,0.002336058608288681,0.02550960604727273,0.1968715490704203,0.04846547525003167,1.3379315771598453e-05,0.020861406033898494,0.18440220377967065,0.06488982376103969,0.0009301979469246832,0.0017884934840200033
GUF_GUY_GUY,Ssp_Es_mm_day_y,0.03905122899081136,0.7011514938215333,0.0017534424926513481,0.011007689426013913,0.3781897353504643,0.00011360894835086759,0.004632762837833434,0.006736400684538638,0.37635427144474276,0.00012339618734331006,1.1932457777679899e-05,0.005103283836069899,-0.12353635762954183,0.22313539263845714,-0.00031046711701748086,0.019990066288764943
GUF_GUY_GUY,Vam_Es_mm_day_y,-0.6331158312014343,1.0951245161938414e-09,-0.30657691709776297,0.27025547496096525,0.5172142136646334,2.021732569244927e-06,0.07701183531647243,0.14313010646110833,0.6067485387607661,7.923373635466733e-09,0.00022475662585906287,0.10137445063821722,0.12234555483172789,0.2957078579664368,0.004078302825376869,0.10540948346561134
GUF_GUY_ST2,Dgu_mean_y,0.3996278538024177,0.00038235615378391327,22.15460046060565,4.4511468146336295,-0.17319540720698084,0.1372847071431101,-2.4824463842770035,9.861558240931089,0.01075843535826672,0.9270090825440016,0.00035742922973789124,7.085611016082408,-0.2253415284897129,0.051917468693244054,-1.0353109001629077,36.19468484296064
GUF_GUY_ST2,Ggl_mean_y,0.7282277792169984,1.3338478850704665e-12,21.247340707103955,3.1472942996300666,-0.2982740233902916,0.012798294146232247,-2.4552802014523256,8.43170600584448,0.3721207833917087,0.0016411325607217787,0.0067475009296863965,2.3884844399753153,-0.46889055312405076,4.8301401452846915e-05,-1.1833027063332007,38.920245379385385
GUF_GUY_ST2,Oas_mean_y,0.6392935555955237,6.701336597674171e-10,13.9148108078832,1.237064926710483,-0.17547386501366166,0.13210960440070274,-0.9874719224661224,4.03836078260321,0.27628140784315874,0.01642270913192982,0.0036038061200524985,1.14995369462703,-0.33359824060299076,0.003446758232527487,-0.6017583285781729,19.81953849767569
GUF_GUY_ST2,Rsp_mean_y,-0.23148447149213366,0.14532380888718202,-3.504010623878404,1.7513371862818559,0.16628200600698087,0.29878007719253447,0.4954312693084507,0.8150928916672736,0.5290755259013896,0.00037582099410067517,0.0032239230171641725,-0.31510708255974085,0.00015376084306048356,0.9992387375312126,0.00013765399537619854,1.3552248473875395
GUF_GUY_ST2,Ssp_mean_y,0.6309755369665756,1.2949763776223194e-09,9.568092199094794,1.1545513898450679,-0.19638554590710103,0.09128262340085565,-0.7699414214262676,3.1757160795764188,0.4093222527934809,0.0002659078213158242,0.0037197261184479797,0.45466772746370987,-0.42645699170384305,0.00013613789793539798,-0.5359317020298351,17.34491438949238
GUF_GUY_ST2,Vsp_mean_y,0.6763505074924121,2.748200746272862e-11,20.680585875300626,8.80902601461695,-0.25022845781091163,0.03037103479639163,-1.978167450988692,13.505424344851198,0.29476620465950343,0.010252760862441652,0.005401339631712124,8.656230530316568,-0.32854741672826177,0.004003771458373348,-0.8325502462792173,34.70023559571566
GUF_GUY_ST2,Vam_mean_y,0.17558558098032534,0.2040891673641554,1.1110181937176777,2.5356199169771094,0.27222992753395125,0.046431316552767214,0.419868297117367,2.2294727922157453,0.44804826408265785,0.0006801749082908164,0.0016661411060618736,1.8299413328075005,-0.058800486155140594,0.6727704138238311,-0.02934553906355492,3.4931353764103386
IDN_JAM_OIL,Egu_Es_mm_day_y,0.49277320025579274,0.39898997916199846,18.245351737505374,-4.085639438584084,0.4683686246310245,0.42623837214049687,0.4803999345123877,2.2121054532941935,0.8455633296120466,0.07114330056480964,0.004227699229625475,1.440210187451138,0.5564105060718961,0.3300307482565405,0.1969507937875796,-3.046108156268226
IDN_JAM_RUB,Hbr_Es_mm_day_y,0.34889130075892677,0.12111857290908222,12.74016272683258,-2.3149795970078944,-0.05849897572945428,0.8011367938981324,-0.03909807272529412,2.0778811909283306,0.34837912234578167,0.12170287309339593,0.00148032645004197,1.394510426237732,0.010841451485769427,0.9627995746338116,0.002841837548015643,1.920292356052633
IDN_PON_STE,Cac_Es_mm_day_y,0.6922907954856599,4.079850642855214e-06,11.733262270356724,-0.11363638062668135,-0.09136334850658344,0.601686514384745,-0.24253559740258082,3.2492045494972768,0.3030946746929713,0.07674224251465175,0.0028343511139799506,1.97840454611664,0.03843417683760655,0.826492175303706,0.03265384571171837,2.2604022563204875
IDN_PON_STE,Cla_Es_mm_day_y,-0.12550264870937253,0.47253127033982767,-0.024722812529202894,0.04268974324607341,0.8211447970515342,1.517477255734727e-09,0.025335996477422906,0.013041632779743986,0.5949515613266729,0.0001635834769410753,6.466536219022163e-05,0.01210441461344345,0.7720837707983456,5.584126373363715e-08,0.007624229119668621,-0.14333591151955416
IDN_PON_STE,Msp_Es_mm_day_y,-0.13498847994083882,0.4394346343676263,-0.0712898868414046,0.18482392931509373,0.39892562556923405,0.0176032448943214,0.03299866829249381,0.1357399101038051,0.710671617864557,1.7237667488424926e-06,0.00020708341178502976,0.08898890546699345,0.5965019206739256,0.00015568231621233058,0.01579172585911763,-0.2058612589254878
IDN_PON_STE,Plu_Es_mm_day_y,0.49485515514311357,0.002510416143720562,0.8468565255332813,0.33217425314822724,0.09453044596575552,0.5890927048800217,0.025338255248507167,0.5359510733624666,0.5740462306989864,0.00031134708712849925,0.0005420305074484306,0.35811129058037167,0.2537067033670867,0.14139306444473496,0.02176457609973347,0.04684160223997824
IDN_PON_STE,Pex_Es_mm_day_y,0.5988559469797711,0.00014433855140035621,0.33753493596334144,0.0006721798995635575,0.08283161184580774,0.6361732997824625,0.007312497602251287,0.08442499700948476,0.18375855718505027,0.29065778253232216,5.714642381368551e-05,0.06989338283340794,0.059822513435829554,0.7328269493045712,0.0016902367919444383,0.05129836072528074
IDN_PON_STE,Pfi_Es_mm_day_y,-0.19779485182867992,0.25471590449808085,-0.48723991508964387,0.6385197522846391,0.4182578780896676,0.01240540272493321,0.16137834806161827,0.3613567754197464,0.6948071498379292,3.63948000707937e-06,0.000944359330932738,0.15806091242802262,0.5568447192720473,0.0005123129063972212,0.06876200189091024,-1.1099995677018208
IDN_PON_STE,Sap_Es_mm_day_y,-0.47167230921983905,0.004231099204597442,-0.148491177916853,0.11473187377494073,0.5128179778800261,0.0016329667100906198,0.0252869688814163,0.05198059287578206,0.7836294111426028,2.6006725083610133e-08,0.00013611817606813212,0.02451943634976083,0.6610204865272643,1.543234498889682e-05,0.010431859340071913,-0.17050735591283156
IDN_PON_STE,Var_Es_mm_day_y,0.10033617998185858,0.5663133676033527,0.04496854277167108,0.06855421027098647,0.12254040259347193,0.483128218228681,0.008602086693037409,0.07277963908945109,0.15367537121580696,0.37810693670186746,3.80014916842207e-05,0.06651491351575109,0.1891114410744688,0.27658573832363187,0.004248695308794805,-0.01937757399140956
ISR_YAT_YAT,Pha_Es_mm_day_y,0.15026635032493713,0.07426900364978667,1.5645799926135944,0.5627566211269119,-0.3067519850320347,0.0005891865890968397,-0.07187878804934927,0.8936694230840136,-0.13980882037166445,0.09702522228189946,-0.0010912189575166887,1.3383821030197285,-0.2768280971757265,0.0008528292883571244,-0.01966836392742823,1.245673717903406
ITA_FEI_S17,Lde_mean_y,0.6140234799108799,9.297660324785613e-06,15.613434526976405,0.43183806552729154,-0.24629697734172554,0.10703739045375163,-0.6196348044717311,3.185288051151594,0.22853845259077923,0.13566298076047825,0.001592796350010421,1.8005049932166233,-0.3366847198044686,0.025436376129842918,-0.0645058728357263,3.7494351922479163
ITA_KAE_S20,Lde_mean_y,-0.4742896055474472,0.0034734761837224453,-7.314175403669359,4.037652053203328,0.5630184070936959,0.00035049768919635256,0.8844218616786539,1.6059254660644369,0.2517319272391445,0.13859151069006168,0.0015284974296198794,1.3987294347830381,0.7200720393429534,7.398078510558217e-07,0.09505245965816914,0.9131044160700139
ITA_MAT_S21,Lde_mean_y,0.012097504288264345,0.9433475481651468,0.32809981096331087,3.491424157209262,0.2111587726446913,0.20964325935923991,0.7626379377383624,2.9246704447539527,-0.054171796969739346,0.7501524538757773,-0.0005366191263013108,3.906845551101189,0.2723851174474642,0.10289178438731234,0.10040307597907391,2.024401052098383
ITA_MAT_S21,Pce_mean_y,0.5209450750580297,0.0009470655134732693,5.760563573761338,-0.9972737769165521,-0.2964390047314532,0.07482011801688093,-0.43652333541118016,1.8379741292546092,0.14600555565740614,0.3885395577499783,0.0005896918546798815,1.1299836783581219,-0.2701767804655988,0.10582382359689614,-0.040604531807748034,2.0835958371132315
ITA_MUN,Lde_mean_y,0.7113971043045293,1.640433534993531e-14,14.330425879141044,-0.11482636902272114,-0.1861825222769135,0.0860957511721019,-0.22398853691293677,1.573843654801415,0.20338653114788188,0.060352204469629224,0.0007693579742318233,0.8567748436499434,-0.27227092360290617,0.01120959176853771,-0.0328804830494918,1.9547258741199687
ITA_RUN_N20,Lde_mean_y,0.5538270877245235,1.194336173012549e-07,24.43867958989439,-2.2483683231869165,0.12948746933169916,0.25538732961946303,0.9556733272335041,2.1222493227373946,0.05782334640816352,0.6127323238736451,0.0010452684952956394,2.2248690844052486,0.1813509442538979,0.1097131514621496,0.09896828317059853,1.3977343845837296
ITA_RUN_N20,Pce_mean_y,0.6806671402096345,5.159634177518033e-12,12.692249359334255,-1.2288759819096888,0.23236933806644403,0.039329498869944815,0.7247042517033387,0.8873672867902658,0.20805385799007547,0.06577735914465167,0.001589280954100283,0.553391368830549,0.27980104910375503,0.012511310093525149,0.06452467420562885,0.483375861890156
ITA_TOR,Lde_Es_mm_day_y,-0.006388468319734432,0.9572207636063159,-0.011241755584507289,0.4237562475782543,0.23450228990909378,0.04583097463723224,0.06209195712989502,0.37296485707925175,0.48223200536183647,1.5595946829434503e-05,0.0004107392247158887,0.18059416992016136,0.1408661489002459,0.2345475545463981,0.003452420328585792,0.3720563559512524
NZL_HUA_HUA,Aau_Es_mm_day_y,0.2282738661273894,0.0029196526584570224,0.8355659865971486,1.0075030103939313,0.24513394853994072,0.0013620032924512326,0.2995028743040941,1.0741936390302405,0.3923945833021036,1.4360532481900273e-07,0.0020516582732355436,0.9221604965413127,-0.03528896606777106,0.649739718681231,-0.005288172520013718,1.4512264733254387
PRT_LEZ_ARN,Qsu_Es_mm_day_y,0.0,,,,0.0,,,,0.0,,,,0.0,,,
RUS_POG_VAR,Lgm_mean_y,0.46612530457962503,0.006255749426054209,16.279661878332423,1.5866835339087442,0.6921080080426887,8.12917833766719e-06,1.0060093937765335,2.321872716466438,0.7848432598814246,6.421067466098847e-08,0.006540131976791877,1.0934766550965587,0.7309576572980719,1.3604716077522506e-06,0.15157117282204882,0.46528618907279196
RUS_POG_VAR,Lsi_mean_y,0.244679719692935,0.024887899376207265,7.8544295695426,2.516004049897927,0.7635385499889258,3.042363702388462e-17,1.3016000049010281,1.8928132008191254,0.8391457042504344,2.1415403312526375e-23,0.007614775035973725,0.5816264898256263,0.6988917791568503,1.4403270211276798e-13,0.16000784276519073,0.2206193625342947
RUS_POG_VAR,Psi_mean_y,0.39204972422139645,0.00022588026217666783,6.95347812658036,1.3375769393727104,0.48677158068499443,2.665715652075067e-06,0.45847541485721793,1.6926009268051279,0.6394504915316831,5.873673995370486e-11,0.0032060544359006566,1.0235369166515942,0.4489413120659265,1.8415309247672364e-05,0.056789124612534096,1.0945650630248378
SWE_NOR_ST1_BEF,Pab_Es_mm_day_y,-0.17273054653043893,0.522359286416066,-1.1896544201839145,0.8888726918206367,0.9370830574434335,8.852409927682e-08,0.2737459937716298,0.35981560549307795,0.9171454724046991,5.760869002048381e-07,0.0010226175872545284,0.20408939345254562,0.7989326781611727,0.00020548209041805073,0.04192905641364942,-0.11959775977670717
SWE_NOR_ST1_BEF,Psy_Es_mm_day_y,-0.18549139824724542,0.4915880176714065,-2.3293671544054155,1.6467688628519581,0.686453194696685,0.003316581245977997,0.36563108709362185,0.8297234705374197,0.7168451892691587,0.001778353349876829,0.001457346771244847,0.5763378932800624,0.7882313652214581,0.0002864996618687768,0.07542600630589165,-0.1955928223757155
SWE_NOR_ST2,Pab_Es_mm_day_y,0.15945072066752422,0.6599351255275127,2.961223900316799,0.3819327699568116,0.7432808082674991,0.03457173132955538,1.2576145275292583,0.005124793778940151,0.7094793847371464,0.021561653894224552,0.00232736975486413,-0.13480545108528663,0.7707971540900043,0.009060032917188257,0.15220787581280443,-1.3590435613142873
SWE_NOR_ST2,Psy_Es_mm_day_y,0.5134749105848376,0.12901200273875196,4.050843525802591,-0.3647576629164207,0.7886227846659556,0.02002612815647089,0.5068286575592772,-0.03686590278788504,0.8138755825237718,0.004166242791745973,0.0011341359186266883,-0.15745373028681392,0.5751783301402106,0.08193192982810485,0.04824818920058893,-0.36872525475333545
SWE_NOR_ST3,Pab_Es_mm_day_y,-0.09901906627477909,0.3947605494763917,-0.24974777263464606,0.5396218993353464,0.3153043737464932,0.014995807782592675,0.07300949968864534,0.32981394472872105,0.1556086146516986,0.17950707884942854,0.00022178113329981953,0.38524111217942425,0.5560239488235525,1.8437602589063904e-07,0.02781920012922974,-0.10570940551267383
SWE_NOR_ST3,Psy_Es_mm_day_y,0.4585529676757213,3.1032387752610636e-05,3.1961342227836846,0.6817816986244374,0.3245589366955502,0.012143689728856493,0.2507436545425389,0.8448548076937901,0.10244969902206921,0.37850516026738423,0.0004035100471880777,1.136443201583222,0.4665139338539982,2.160461265090558e-05,0.06450129956165666,-0.053813983118397246
SWE_NOR_ST4_AFT,Bpu_Es_mm_day_y,-0.17547739290068098,0.5005279594091565,-0.6387483422429446,0.3676805549802267,0.6636305141663291,0.0036770171569885553,0.32022310264811676,0.04243371564892032,0.5447800173268778,0.02374013769487968,0.00045252858149338643,0.0836816294647783,0.5051491157829376,0.03861024740570284,0.02466450880311349,-0.13139036173852148
SWE_NOR_ST4_AFT,Pab_Es_mm_day_y,-0.15728884652304762,0.5465796972906893,-3.798509902386742,2.241444440365054,0.7625831402174217,0.00037146517666202347,2.441294856946142,-0.053542149213676726,0.6079428918722586,0.009625229989604871,0.0033503822012461173,0.2991883415545866,0.46440017979688125,0.06038015295369589,0.15043606871891596,-0.7857480936325025
SWE_NOR_ST4_AFT,Psy_Es_mm_day_y,-0.2714399662726353,0.29193823493266496,-9.45424752703176,4.078230732656595,0.7271269286977741,0.00094211010338682,3.357230084670342,0.19306744222927552,0.5838997690309299,0.013855925544774295,0.004640958787985457,0.6652369645924883,0.46418262199251464,0.06051659314559204,0.21686342597845165,-0.9713417734797152
SWE_NOR_ST4_BEF,Pab_Es_mm_day_y,-0.5202952917382861,0.15101080055178193,-29.084319756492846,8.703719348825256,0.8345614268431089,0.005137651028903068,3.446172813468757,-0.06466311646329403,0.7399023043894536,0.022660603905338365,0.006010225972468975,-0.12353107480891179,0.7310955251969178,0.025222228454693137,0.549059615377651,-6.914432190551996
SWE_NOR_ST4_BEF,Psy_Es_mm_day_y,-0.5781314399829144,0.10297519212719124,-33.38203807922624,9.972986820456303,0.9010419583821703,0.0009100712019566935,3.843270963013934,-0.016610964135154394,0.9196875896243538,0.0004465490396909665,0.007716742218380225,-0.47828894323194504,0.6239944566388617,0.07249748910141543,0.48406463274847455,-5.520921773505803
SWE_NOR_ST5_REF,Bpu_Es_mm_day_y,-0.22069837706840773,0.44832433430468144,-0.8567785831717568,0.374420002626734,0.889528689389985,2.0601229168189052e-05,0.5269921977987797,-0.08665357958760708,0.9144757775434542,4.688910085657264e-06,0.0010502602382996783,-0.1217273293997316,0.23392100524338172,0.4208712983186197,0.016560297304256226,-0.025983592254705284
SWE_NOR_ST5_REF,Pab_Es_mm_day_y,0.19210343050843603,0.3798686947772768,3.0047976946141084,1.0459971638334427,0.8663958222461244,9.089008306363966e-08,3.0400624496617987,-0.37021723980115784,0.8492435491214416,2.9848723605882273e-07,0.005731426168448747,-0.5095966431391972,0.585919088262906,0.0033053315701397105,0.2837273534151328,-3.096392938919545
SWE_NOR_ST5_REF,Psy_Es_mm_day_y,0.21334002472937313,0.3283712399498112,5.9726157741716515,1.8939786492762125,0.7839136062026699,9.621014823410762e-06,4.923188641610905,-0.19995950416955255,0.8084193437589743,3.053699270575844e-06,0.00976515769923991,-0.602604118979881,0.45002470233347663,0.031186181963884535,0.39004259066304936,-3.4684715056665416
THA_KHU,Hbr_Es_mm_day_y,0.889122048039525,9.57933060778931e-37,1.5736272954325314,-0.06431074936275388,-0.3071257555389877,0.0014384550157316945,-0.06705323784355958,0.2627759098037784,0.13468037058322582,0.17075159096755854,0.00016049294555149163,0.09538906915862483,0.2630818489059468,0.006698850591130797,0.007405110056225895,-0.02617805582521779
USA_DUK_HAR,Cto_Es_mm_day_y,0.30517934920807965,0.06625251953968955,0.2453187240525907,0.048506283596695496,0.14647651267395562,0.38699452065460016,0.0156541871630542,0.0841356795187434,0.23323621070605052,0.16474964482600848,0.0006339145845743558,0.055013423457299045,0.40181330010763994,0.013696192006341895,0.006060642339979057,-0.05870630305559227
USA_DUK_HAR,Lst_Es_mm_day_y,0.3461091125694558,0.035871166131500154,0.13702562661766854,0.07561559456506461,0.697021312405336,1.6448231162001064e-06,0.03668781066280978,0.06292064557081317,0.8193121101958106,5.654709232631521e-10,0.001096724004809534,0.023740580280092377,0.16439292170432834,0.3309123003180354,0.0012212108946653827,0.0732544398496589
USA_DUK_HAR,Ltu_Es_mm_day_y,0.3550611660646335,0.03358924602639618,0.3413421201016416,0.05698822837193859,0.6715767350318582,7.32437460100817e-06,0.08811949249722292,0.030872574728142116,0.670382644242509,7.708666685720349e-06,0.002176065454432186,-0.02990581657316424,0.11937368527274152,0.4880268447089613,0.0022187177157489135,0.07355260993902064
USA_DUK_HAR,Qal_Es_mm_day_y,0.32784780003930686,0.047602028429555465,0.015577159787145967,0.010171338887686553,0.5107463744846645,0.0012376838320544252,0.003226326157661629,0.009829756902449227,0.7530370081201547,7.565319311647763e-08,0.00012097385866100376,0.0045508955608327215,0.05382605838953023,0.7516966229250265,4.7987416809131744e-05,0.012317621234263255
USA_DUK_HAR,Qmi_Es_mm_day_y,0.18761918475151845,0.2957673928749722,0.004495062644327454,0.011733697304233185,0.4863834564247551,0.004104325265348946,0.0017926645037294809,0.01060664331270296,0.2641895074184876,0.13736476842544232,2.340027925798145e-05,0.010948077372320036,0.40027814818853463,0.020987306472569845,0.00021243387986972663,0.007060627147990999
USA_DUK_HAR,Qph_Es_mm_day_y,0.17868845612945505,0.3197631773229064,0.002585404777474475,0.005329314282043462,0.404229547873968,0.019640233875596318,0.0008997499408836518,0.004836682241683014,0.2658290763838616,0.13485116888740348,1.4219407614835652e-05,0.004819525899471764,0.27860248657694675,0.11641363681860668,8.929362083001474e-05,0.0035194287224515545
USA_HIL_HF1_POS,Aru_Es_mm_day_y,-0.15892649541855647,0.08699040966030092,-0.699012021004052,0.485561966001271,0.5472411218009117,1.7223085226304735e-10,0.07192266753824332,0.29614119879775236,0.6044635108815555,5.342469195592611e-13,0.0011658581262637944,0.07071582283778327,0.2978830352399199,0.001106743000513523,0.00988330224629517,0.14399264528823902
USA_HIL_HF1_POS,Lst_Es_mm_day_y,-0.28682432768225574,0.0017166639588327092,-2.2944861348658727,0.6637368033992069,0.5199402650194109,1.8823077213833583e-09,0.1242858334121787,0.25252538276875225,0.5064503360624765,5.68674299429602e-09,0.0017766161027126823,-0.06333628401590713,0.36600711295564947,4.945084773630061e-05,0.022086502444845207,-0.15611863505746765
USA_HIL_HF1_POS,Ltu_Es_mm_day_y,0.16526325278267223,0.07496669709307026,4.168173217124922,1.381038731660312,0.24991800539774317,0.006577379383976532,0.18835004684335546,1.3480931948918333,0.4190630343291621,2.5698679680302658e-06,0.004634854366087477,0.26814332380563344,0.03623837581190693,0.6980923373870853,0.0068945536515338645,1.5021925911248024
USA_HIL_HF1_POS,Pta_Es_mm_day_y,-0.09844564395930884,0.2909741145525481,-1.0731641332270996,1.0802053807303487,0.28127059548438277,0.002126225574210311,0.09162050942521384,0.824801598602237,0.47936979622940384,4.5515480424952494e-08,0.0022915407741990524,0.2880285120619329,-0.060894204572987436,0.5142687693387159,-0.005007414884696995,1.1430725859342168
USA_HIL_HF1_POS,Qsp_Es_mm_day_y,-0.14030792308880344,0.13133918882530868,-1.9608249647857676,0.8456240726330335,0.07912863795237414,0.3964110624737561,0.0330437285700979,0.6320135851693058,0.20450413870942827,0.026985286369450693,0.0012532739428357082,0.30630618226429446,-0.09082684662325195,0.3301016141629165,-0.009575001192388924,0.9728804198847487
USA_HIL_HF1_PRE,Aru_Es_mm_day_y,1.0,0.0,1356.7630000881315,-105.4835589655857,1.0,0.0,0.559340074094686,-0.5920599716772532,1.0,0.0,0.030761642401047094,-0.9662418941058787,1.0,0.0,0.4675117888026319,-12.783135789065252
USA_HIL_HF1_PRE,Lst_Es_mm_day_y,1.0,0.0,1496.730054196638,-116.38265358058453,1.0,0.0,0.6170429908242708,-0.6702860088558806,1.0,0.0,0.03393509013372716,-1.0830694714058025,1.0,0.0,0.5157414706523376,-14.119023605392053
USA_HIL_HF1_PRE,Ltu_Es_mm_day_y,0.9999999999999998,0.0,5177.406574653269,-401.59877800119096,1.0,0.0,2.1344412965984207,-1.3328977545876453,1.0,0.0,0.11738640396588687,-2.760775685495641,1.0,0.0,1.7840246298855647,-47.854033785671284
USA_HIL_HF1_PRE,Pta_Es_mm_day_y,1.0,0.0,4239.4637977796065,-329.626090235936,1.0,0.0,1.7477643439699868,-1.8726707731223278,0.9999999999999998,0.0,0.09612059682568733,-3.041873289565281,1.0,0.0,1.4608294179124859,-39.96600363998679
USA_HIL_HF1_PRE,Qal_Es_mm_day_y,1.0,0.0,709.6950313637452,-54.88580118246269,1.0,0.0,0.29257937561817526,-0.019199083616669277,0.9999999999999999,0.0,0.0160907872393287,-0.21492600951049168,1.0,0.0,0.24454587396299302,-6.396102001824908
USA_HIL_HF2,Aru_Es_mm_day_y,0.11276770975855306,0.27918543290424136,0.8976748549799454,0.40720564192302783,0.5146935911218298,1.1142663545132467e-07,0.11670753963969903,0.2650859319580958,0.5790481274828685,9.734222921761968e-10,0.001359863686615681,0.06227447754168597,0.09574042568385342,0.3586560429737873,0.005410706800409388,0.32175581697824507
USA_HIL_HF2,Fgr_Es_mm_day_y,0.26520967415078156,0.03138897620598039,2.520975869838928,0.5342307071886947,0.2879754685250768,0.01904082522053769,0.06987697044282498,0.601260727918004,0.7733846305426741,2.725174580968454e-14,0.0018892690682158818,0.16244982412374565,0.17558041227629,0.15849561236095638,0.011261424414862813,0.4155517497900458
USA_HIL_HF2,Lst_Es_mm_day_y,0.13789772095307323,0.18503146634300802,2.795741403902329,1.066362776308831,0.21453993823104456,0.03785188472512997,0.12389789105345392,1.0579357836680572,0.4677259889760148,2.0025094078002596e-06,0.0027975498032094177,0.43012159347614476,0.17041016164762307,0.10056586935624118,0.02452786485761908,0.5805488064845238
USA_HIL_HF2,Ltu_Es_mm_day_y,-0.0721375002438824,0.48960196355698304,-1.9833222480776995,1.7038502937930768,0.2203179229787733,0.03286125193324986,0.17254321130195188,1.2378321554699103,0.3372172380233491,0.0008885962636397687,0.002735195523636945,0.7171770171831341,0.1384508222803984,0.18325838451031948,0.027024152369914123,0.7771682626494671
USA_HIL_HF2,Pta_Es_mm_day_y,-0.03740909382090537,0.7203679142624397,-0.7813523742751544,2.577032509149238,0.4370693044161872,1.0603406911317805e-05,0.2600374556341302,2.045361094772073,0.6311776403907557,9.133620121016725e-12,0.0038892670893141603,1.3316513272774138,0.17475924199360118,0.09205145153417037,0.02591398761787959,1.7750352069431887
USA_HIL_HF2,Pvi_Es_mm_day_y,-0.26446719988760126,0.17383445309868287,-1.197736039254884,0.30568084394859046,0.35107756666103845,0.06697579938559176,0.06372556414859269,0.10636354367637724,0.37088705208835165,0.05201485630341728,0.0008136254364919993,-0.03987489616853354,-0.3982630249634769,0.03581186158700667,-0.01889173185335404,0.7828671338705954
USA_HIL_HF2,Qsp_Es_mm_day_y,0.1983582625624565,0.12868798925967204,0.3734948947832795,0.07918376765031607,-0.06632804267260077,0.6145972410746859,-0.003133833935457422,0.11223094605319235,-0.008874629797264302,0.9463446192812239,-5.63342956156072e-06,0.10830671203351393,-0.527928246438386,1.458487269937959e-05,-0.00683184673172561,0.30260629055942767
USA_HUY_LIN_NON,Pgl_Es_mm_day_y,0.3095248866611411,0.30342540412520275,7.789126235439079,5.700693555935684,0.6145235327904793,0.025429751292186442,3.456158964275735,5.38662252300404,0.8948192032186179,3.621783480911726e-05,0.01626194457942401,1.3600890715441247,0.5019216405647255,0.08050991277895514,0.2661769852239505,3.348893816906915
USA_INM,Asa_Es_mm_day_y,0.16329876014524927,0.4677615686148574,0.0602616290931283,0.1286544070212475,0.7106840049199975,0.00020991955540460627,0.0672724903578566,0.07374877089633397,0.7630355229480972,3.627883065754431e-05,0.0002334425789218012,0.03486764397516512,0.36232881717136606,0.09749229839689305,0.004179192955144378,0.04322755202238761
USA_INM,Fam_Es_mm_day_y,0.22052012237012744,0.32405175520743146,0.16472991660934858,0.11020968214352922,-0.464695829350545,0.02933523026753581,-0.08904222666531389,0.2707933871563323,-0.2290793835716498,0.3051382459675217,-0.00014186902835808984,0.23960506127340714,-0.24143654249602456,0.27905283999121344,-0.005637140030318902,0.3138959174666822
USA_INM,Ltu_Es_mm_day_y,0.29816906877269983,0.17772326074030148,0.493384651466872,0.7213352235840524,0.5458178106115935,0.008597024933220374,0.23167209845621287,0.6350351576516837,0.6825085886489722,0.00046596782046041154,0.0009362859399790957,0.43567530645060304,0.4315472894245711,0.04491922114640462,0.022319425176788518,0.32678728819246605
USA_INM,Qal_Es_mm_day_y,-0.30906359414397305,0.1616446368044556,-0.11761607300708801,0.23006740489886995,0.8448211535892061,7.576810503419848e-07,0.0824682136206055,0.09390698786883175,0.5928943937696842,0.003637228479377209,0.00018705680095476264,0.09526370366443883,0.3961974183555334,0.06794258451511116,0.004712615764952209,0.06701309930291745
USA_INM,Sal_Es_mm_day_y,0.018340404175126217,0.9354346637843026,0.0031776484110004927,0.12078018355862455,0.5343790327587017,0.01040696766476355,0.023749219092010807,0.094890007812154,0.4886749031539382,0.021013466615439378,7.019308197127574e-05,0.087207088969222,0.4808878219375787,0.02347605068203024,0.0026041877184250855,0.05518866047193244
USA_INM,Uam_Es_mm_day_y,0.3313864564337595,0.13192480296972084,0.7253792307471479,0.30383187514976717,-0.23540334029225105,0.2916081537233405,-0.1321739794721821,0.7150990364718272,0.0322475567020891,0.8867151478955788,5.852002612101276e-05,0.5357084773939661,0.1451313140472518,0.5193052584630766,0.009929401116261,0.31020327384233015
USA_MOR_SF,Asa_mean_y,0.0933589185448046,0.4288498880373969,2.9911166627294627,6.9111994888423,0.10223511947207377,0.3860727637611818,0.3288223634637078,7.001421088903552,0.5014835579202684,5.329547075976048e-06,0.01942743869901038,-0.34340332101218607,0.3954985873298977,0.0004873077559312908,0.21331224963798545,1.7761945487178057
USA_MOR_SF,Ltu_mean_y,0.012766423051288698,0.9170798742306605,0.5581394782592831,6.511332535441069,-0.35366330972254184,0.002872490564539204,-1.3902899949329002,8.733478790259968,0.09860394911136791,0.42020272992640983,0.0047319585355306325,4.742656055929584,0.1132143756092802,0.35432582382965194,0.07405301389061272,4.6583376266228775
USA_MOR_SF,Qal_mean_y,-0.504299201619097,7.406168792242303e-05,-0.769162769078166,0.8759666379081704,0.592990963533934,1.467037358142495e-06,0.049898355234160544,0.6632120230108807,0.1665968359074672,0.21975658167649076,0.00018878925649474048,0.6688197434975302,0.41906017614369745,0.0013063262703482653,0.007120836981403286,0.546326915391478
USA_MOR_SF,Qru_mean_y,-0.46232402273316914,0.0003342071859803124,-0.8316550180922377,0.8147645434325996,0.7068793677640248,1.1393556019912958e-09,0.07015364476715631,0.5580751412922844,0.20285857859033257,0.1337556750176953,0.0002711256984033277,0.5636500008460901,0.48703357373942163,0.00014094809852969065,0.009760685758503267,0.4007480635543525
USA_PAR_FER,Pta_Es_mm_day_y,-0.015821380116647354,0.8708983183310798,-0.16780099925233816,2.8189799827315682,0.12586826812524854,0.21445362820815284,0.1586003180905349,2.5176278325781367,0.5502773663538737,6.86487175889035e-10,0.0025412627646521965,1.4970973904634317,0.19127908711604463,0.05788294728460734,0.04589861501711648,1.5163083711203633
USA_PJS_P04_AMB,Jmo_Es_mm_day_y,0.6560017606287155,7.064435014610599e-25,2.221005858200286,0.05664572142934446,-0.42758530340583534,6.855555119854699e-10,-0.051400395856610215,0.33739850538520877,-0.203285247378528,0.0047944750904816685,-0.00020214999254399582,0.2986952395163455,-0.40229801595136744,7.974920039705179e-09,-0.014325201344356971,0.5865653145023557
USA_PJS_P04_AMB,Ped_Es_mm_day_y,0.8378534705970789,1.421211388053655e-51,1.3496807474225103,-0.0313436153951299,-0.5284829426732642,3.913377792978176e-15,-0.03022685408540008,0.13656077636244934,-0.2978066435087071,2.8631609320822697e-05,-0.00014090309405166888,0.12460901640079206,-0.4086084323376057,4.4057212316613615e-09,-0.006922746835091472,0.24251870060480085
USA_PJS_P08_AMB,Jmo_Es_mm_day_y,0.7042468265091789,6.365336967016416e-36,1.9493938721898982,0.02451845488127838,-0.39075365908785487,7.598183333032862e-10,-0.046794977891107835,0.3070369669928751,-0.1466767508896581,0.025795888589055023,-0.00015173676199529724,0.25599065836728085,-0.34419014623956967,7.97180225371336e-08,-0.012738949974117984,0.5239061731523363
USA_PJS_P08_AMB,Ped_Es_mm_day_y,0.8121970663543776,1.6381914481123627e-55,1.6197411895072078,-0.05997917008832278,-0.5075084864000584,1.589438679012914e-16,-0.04378738538877926,0.18804658219086584,-0.29263126312172044,6.100327184560276e-06,-0.00021810205863237182,0.1782331451954066,-0.40697118774803487,1.2554851730625435e-10,-0.010851964762004528,0.3621669112629841
USA_PJS_P12_AMB,Jmo_Es_mm_day_y,0.5245711047843096,2.5332483969335006e-15,1.0532455940689744,0.06694459751837671,-0.2060824552836586,0.003668429446596114,-0.023104753980440134,0.20993623164101172,-0.022552602087001664,0.7530908368398423,-2.4186620015387137e-05,0.16047802677356163,-0.12218415508041303,0.08718502601878254,-0.003696959935617118,0.24677734718153416
USA_PJS_P12_AMB,Ped_Es_mm_day_y,0.6906021542561891,2.9800683040540314e-29,0.9177803888175068,-0.009323078543313323,-0.37994505454313376,3.655097234376858e-08,-0.02819464836981939,0.1369183817350248,-0.12579460557332323,0.07817427522596779,-8.929478585404494e-05,0.1076222645469904,-0.271854791040457,0.00011135531832765325,-0.005444429812239248,0.20682712869863584
USA_SIL_OAK_1PR,Pri_Es_mm_day_y,0.7150150412313445,0.006012675806427966,3.2997734372490855,-0.0012825352333650786,-0.5775865980673485,0.03871558061788486,-0.09312676618649275,0.3349468427132867,0.06740670586044122,0.8268084267678026,6.791621929595423e-05,0.1399326387527477,-0.5784065815670988,0.038375184844576284,-0.013878972988297947,0.5220077528676064
USA_SIL_OAK_1PR,Qco_Es_mm_day_y,0.6377485684250905,0.005881871498283825,6.652318730502186,0.08221887521621046,-0.49832859071254376,0.041757593131701215,-0.1115448551334188,0.5860016483731635,-0.25900977846613166,0.31545177440657624,-0.0005517714793179932,0.6365752319805671,-0.6204730822256227,0.007871030752569121,-0.024624174322467787,1.0242087449244563
USA_SIL_OAK_1PR,Qmo_Es_mm_day_y,0.6271440237933797,0.0007931428324539569,11.523479492110418,0.10387866057571993,-0.5539787987877846,0.004062992524704496,-0.2595290866848717,1.149897668353336,-0.020446592949129802,0.9227193714372552,-8.348081840681909e-05,0.6646841464678469,-0.6399533326708585,0.0005708681946555591,-0.05321814836152364,2.056021251523374
USA_SIL_OAK_1PR,Qve_Es_mm_day_y,0.7633363459813282,3.5869860440915856e-05,7.738087662093962,-0.11248209100528381,-0.4481878476118787,0.03644629942117804,-0.11461825463838884,0.4686683321358886,0.03291416617905744,0.884388403429608,7.693158454924015e-05,0.1952990416509348,-0.3842720808915483,0.0774455465979265,-0.01765894362632592,0.7067100942105742
USA_SIL_OAK_2PR,Pri_Es_mm_day_y,0.874358630518681,0.022686958729551166,0.2198127473725277,-0.0076911827167226695,-0.8020127370487281,0.054917987403109624,-0.0004229725252857535,0.0015927322859136503,-0.7335349976641711,0.09704540932192422,-1.8854812706550851e-06,0.0017245944475304128,-0.5898089497839467,0.21787635075294462,-5.5869904779629904e-05,0.002351185426442569
USA_SIL_OAK_2PR,Qco_Es_mm_day_y,0.7794885203348926,7.348125577060183e-10,0.09022940893864038,-0.0014589042879728257,0.05533553676101104,0.7245104059891656,0.00023251341603409392,0.0035361849054972314,0.39492504608595586,0.008770412973442644,8.107017335735517e-06,7.057793884620569e-05,-0.06374702629898425,0.6846596022401039,-3.339759893469885e-05,0.004782329248032947
USA_SIL_OAK_2PR,Qmo_Es_mm_day_y,0.8523611920818019,4.126081088092243e-13,0.19730783059004825,0.0009397263704305839,-0.014519897929336905,0.9263703358781189,-0.00012200839602575364,0.01288147302159493,0.31486887566748856,0.0397317354417709,1.2925829474835796e-05,0.006559663961716444,-0.05468366549256178,0.7276305881150578,-5.7292160146802076e-05,0.014177449659883256
USA_SIL_OAK_2PR,Qve_Es_mm_day_y,0.3137655496169495,0.04046870244201074,0.06818478815010533,0.00729961978657034,0.11640261214419781,0.45727397209955134,0.0009182278584361389,0.009874411582055393,0.2572639452814898,0.09582377231226585,9.91446304963078e-06,0.006660492791844806,0.27695690736581463,0.07218248125735902,0.000272402672777402,0.004258935959379214
USA_SYL_HL2,Asa_mean_y,-0.0451445105202979,0.8681464211719634,-0.3141566998738116,1.344485933268389,0.6938239341037765,0.0028704241823048157,0.6983684450979877,0.3561596044179012,0.8328311929956573,6.2111836496311e-05,0.0038516168359595143,-0.7111141506263379,0.7466299277547886,0.0008915141625211768,0.10003476707838295,-0.9419889488620723
USA_SYL_HL2,Bal_mean_y,0.7961251187834937,0.0002246200383532705,9.900894781926768,0.22282585056500892,0.2007699384640735,0.45592219131589595,0.36114845206505924,1.8842693355616282,0.2064736623732171,0.44294842300944437,0.0017064850803763512,1.4795926645905335,0.33339474834455507,0.20698966137115354,0.07982815034865798,0.5897972993192251
USA_SYL_HL2,Ovi_mean_y,-0.2633011898893699,0.3244748222662285,-2.011398179559708,3.297849866928826,0.8943391105999234,2.9692983818736523e-06,0.9881921684840662,1.5611023694264379,0.9065764820093041,1.2971126638655875e-06,0.004602506340237072,0.48831296789386247,0.8146521879013462,0.0001215372938416686,0.11981788597196151,0.20619798734681494
USA_SYL_HL2,Tca_mean_y,-0.23639586529892676,0.37806382453627285,-1.1358714713004472,1.7141062260386701,0.924424325751419,3.086873171316363e-07,0.642472634718903,0.6220581651768229,0.8643347755036698,1.5725092224932877e-05,0.0027600440804735385,0.04445831630269592,0.838101744184844,5.037480819232673e-05,0.07753365432949884,-0.25071737231209457
USA_TNB,Aru_Es_mm_day_y,0.24338927952664233,0.111378237658178,4.020607753581027,1.480173298559146,0.4577195760841952,0.0017838810542886536,1.62815630450345,0.4148974999936237,0.6296315837334967,4.676076029393109e-06,0.005722192865101889,-0.44976199318797727,0.6350309647112048,3.654011911456505e-06,0.21774368827889573,-3.2994215131313918
USA_TNB,Qco_mean_y,0.4445578762360322,0.002820191858945967,1.631229950343763,0.058576263046653365,0.12340240086649008,0.43047504463773445,0.09857642501115842,0.32220426039815,-0.17318687431945273,0.2667338133455084,-0.0003427641208379238,0.6138059750164271,0.31395508758856616,0.04034131277049538,0.02296732374478523,-0.16051974181912898
USA_TNB,Qfa_mean_y,0.5091467100565817,0.0004163453029113992,15.62298724893557,-1.100544547955629,-0.04502341413117081,0.7716624498769917,-0.2974855727319609,2.9173215424272096,-0.32585419383844483,0.030885455687350752,-0.005500854743204092,5.309643514539977,0.21463607524438919,0.16177851935488394,0.1367049582867369,-1.0397532494141175
USA_TNB,Qve_Es_mm_day_y,0.5025004815533669,0.0005090699915842818,0.9465171685772589,-0.014001999473800764,-0.09398670990385558,0.5439602358685457,-0.03812104594208316,0.25416972841582264,-0.4089166429304374,0.005851426646450493,-0.0004237527464935545,0.419736080273979,0.09585487411795852,0.5359475325012877,0.0037477156014086503,0.10878667936433781
USA_TNO,Aru_Es_mm_day_y,0.6120882610508064,1.8518751160215613e-10,9.163859488056643,0.5122838347587297,0.23397521949338496,0.027325028796806653,0.4622918282967126,0.9419313648067441,0.5825938645736651,2.1057693453929142e-09,0.004608122856243006,-0.6800199342215822,0.05358914139104588,0.6179409128332133,0.01750507599103885,1.1213979593884842
USA_TNO,Ltu_Es_mm_day_y,0.7609870108298812,3.439980522884033e-10,1.7920619531330522,0.03861758034492849,0.1859141523559196,0.20581320850176588,0.04664475963195467,0.16657908664512783,0.5128259890292791,0.00019390519047871835,0.00043828167684045787,0.0243411737848519,0.47157255199215636,0.0007159407954317847,0.020187952734177384,-0.3186722222850782
USA_TNO,Qal_Es_mm_day_y,0.4454981984500286,1.2154511349135533e-05,0.7146611651818244,0.1444593290216138,0.391296672123374,0.00014964559130247913,0.08284043442073707,0.11213998469047459,0.4824798298813428,1.6844784785842323e-06,0.00040890946653391214,0.027047980799037474,0.13934705681226203,0.1927872211954562,0.004877248253815463,0.09747703181260678
USA_TNO,Qpr_Es_mm_day_y,-0.08516152543020868,0.4274878867827696,-0.1257657367919834,0.16523845971240142,0.1603256414812852,0.13339322678188567,0.031246679732978268,0.10645437309330608,0.09384414539668447,0.3817148325883909,7.321833736445227e-05,0.11431032635156382,0.46878253516719115,3.5980277002000626e-06,0.015104736777552325,-0.255945754476327
USA_TNO,Qru_Es_mm_day_y,-0.28195403747848957,0.007430919001813707,-0.49132176723456916,0.20078628646152674,0.0241230850049109,0.8224521275828325,0.0055475665004827346,0.13507420222707467,-0.13192576728029937,0.2178050360666239,-0.00012145379448754241,0.202770384544267,0.32591737394166204,0.0018282326976531919,0.012391333062927314,-0.19048385737964785
USA_TNP,Aru_Es_mm_day_y,0.49833495237363745,2.3955714048400472e-05,2.564972629484821,0.465088662954923,0.051383119921006484,0.6843792214974765,0.031512109032690465,0.8436543639979474,0.6746913941272054,7.161905366317753e-10,0.0014215665574650262,0.09750178463012549,0.14296883479456823,0.2559003160181284,0.01538001487958127,0.47418962524055475
USA_TNP,Cfl_Es_mm_day_y,0.4548561390268386,0.00014089742673457518,2.972386147275714,0.9003009127965396,-0.1939302079070241,0.1216430489675121,-0.15099836497410862,1.6082645990574562,0.5532602326053946,1.7558553686462424e-06,0.0014799984624339518,0.5675021524656125,-0.13452253121666113,0.28535064319478826,-0.018373004875352743,1.8868549392305274
USA_TNP,Fsy_Es_mm_day_y,0.38441750409670405,0.0017116083517899373,0.31013512724280434,0.044908210974121725,0.15369002929192602,0.22531850457071428,0.013892251404139874,0.07565260895712747,0.37588019623671376,0.0022069663025372963,0.00011734902502544364,0.030483792525126244,0.4789374939151611,6.241660010342102e-05,0.007592948666794203,-0.10922209631637383
USA_TNP,Ltu_Es_mm_day_y,0.6989477795629644,9.489613012183942e-11,3.500286338273766,0.08763723617473784,-0.3373201563314184,0.005999101849524865,-0.20127820464676663,0.9550275633829237,0.45492564634661153,0.0001405250431853976,0.0009326096509679509,0.14680252475949385,-0.0063689739961439165,0.9598415059573923,-0.0006666260961640675,0.6839727582437005
USA_TNP,Pta_Es_mm_day_y,0.6076789401071508,7.963381851054499e-08,16.135501604931164,-0.6171680380346172,-0.3163569720314046,0.010247356264044378,-1.0008783821081682,3.48617186971573,0.5017140095381488,2.0660130085595198e-05,0.00545337238544589,-0.987020223275803,-0.1068004781013971,0.3971225668514896,-0.059270074601964026,3.6471287334107436
USA_TNY,Aru_Es_mm_day_y,0.32150919026810293,0.011517566833897736,4.100732632583311,1.356550195000883,0.32736068214101166,0.010016513935635829,0.6416993258102146,1.4628292368020728,0.3141104351033,0.013690861467901091,0.0017807976423791347,1.5898190073024345,0.02774724356433595,0.8318960831904252,0.008541870627631726,1.9889487663794219
USA_TNY,Ltu_Es_mm_day_y,0.08716022592702043,0.5041764251308517,1.245722233993482,2.4336128992861177,-0.055519600279828996,0.670851768279423,-0.12195123498867916,2.8369546287469083,0.20886209923837007,0.10622644922384068,0.0013268647370330115,2.2289167791240936,-0.3958040402379329,0.0015918424036332882,-0.1365363133248262,6.2950047346179225
USA_TNY,Pse_Es_mm_day_y,0.07158399501379553,0.5835362867897462,0.13819796756800876,0.15776455912615453,-0.20891947108807887,0.10612827559884735,-0.06198714655318197,0.25925214520890033,0.08334649363363382,0.5230814834271111,7.152159693249854e-05,0.16159109003952257,-0.5335580656990377,9.523416165090907e-06,-0.02486179572517818,0.8423445079497227
USA_UMB_CON,Aru_Es_mm_day_y,-0.05155667871700379,0.4894365391586055,-0.9905737450073661,1.0631053377723532,0.3395935755593993,2.732923028135018e-06,0.34804576289503353,0.5756678744634879,0.42893610452349856,1.5278224555440122e-09,0.0015448288622094918,0.13600143236611406,0.15014802074064632,0.04305922830161205,0.018057630563225763,0.5899166526553066
USA_UMB_CON,Bpa_Es_mm_day_y,0.2560706409321001,0.003662578011183119,0.7833847796804926,0.16151164875119256,0.4658860991937859,3.3973823599987024e-08,0.07768732190388755,0.1413903120419766,0.5649705986548048,4.545956220611869e-12,0.00032416104957384953,0.051964560694443857,0.2770802253491752,0.0016124446859084323,0.00524992290869704,0.11706898232455934
USA_UMB_CON,Pst_Es_mm_day_y,0.13089157209355878,0.07903209965583702,0.44069148024225574,0.15847445298757093,0.19730258151696736,0.007761639387571228,0.03540745770504356,0.15239818657351695,0.3624407204008459,5.333946861030745e-07,0.00022885267138169965,0.06847523529761221,-0.03000845519140617,0.6884085112616007,-0.0006340955352904539,0.20773296408132041
USA_UMB_CON,Pgr_Es_mm_day_y,-0.19967273621957077,0.006883228261388406,-5.6822991429930445,2.4059881060964274,0.5608357836481843,1.8129440845144896e-16,0.8513654944421468,0.9514041837164814,0.6379791993437086,3.461428665852228e-22,0.0034032804119779473,0.08193910977947638,0.3261031373127509,7.0396781488035705e-06,0.05808975868646205,0.6829697258768817
USA_UMB_CON,Qru_Es_mm_day_y,-0.18327466292446118,0.013527163173683543,-1.065495171805078,0.4923945725403533,0.23241810088745243,0.001641496910890977,0.0720208116940737,0.322318442170733,0.3452485867145268,1.9374152791725642e-06,0.0003764237326075103,0.20043380010352096,0.05336296105468361,0.47556121797638584,0.001947049812942245,0.36426912221235647
USA_UMB_GIR,Aru_Es_mm_day_y,0.20737368095565129,0.002136217824450227,2.7116113596868283,0.7042381188855144,0.42395038945330926,2.6400490318558165e-10,0.30198577784873787,0.5832020690154002,0.5804016365201977,6.162646371745928e-21,0.001421153384478939,0.1386672116871519,0.2580762373483091,0.0001205120619190238,0.023446052080628884,0.4206504508682056
USA_UMB_GIR,Fgr_Es_mm_day_y,0.25647491047769894,0.0024844722181113143,0.37001141383889563,0.093473787496556,0.20736017825268904,0.01837745588759117,0.015668129242214234,0.10946248392102297,0.35987633512314465,1.5654580690324574e-05,9.277137589404844e-05,0.07339005580071435,-0.0961890524772676,0.2635059030922813,-0.0009432862857049247,0.14550561756711092
USA_UMB_GIR,Pst_Es_mm_day_y,0.24092209930788594,0.0003310047007938067,2.0254218842872134,0.3547353511679934,0.2753892483798541,6.430910557764313e-05,0.1270703949476097,0.3806428442441366,0.29151179017776263,1.2156201746669741e-05,0.00046054273662332905,0.2670644354692034,0.22258558714645818,0.0009357812131986339,0.013084304910191188,0.2393025353178047
USA_UMB_GIR,Qru_Es_mm_day_y,-0.190100973654622,0.004956353226726934,-2.3970756479397006,1.1483799671454533,0.09559773612560515,0.17378696631717755,0.06673339652510181,0.8854393359343762,0.14880952385487728,0.028404249959151553,0.0003512879494594176,0.7540933545973926,-0.10026691168793925,0.14096538621623278,-0.008812463638776784,1.1401551308108304
USA_WIL_WC1,Asa_Es_mm_day_y,-0.01212772331000974,0.9423906225656227,-0.6190833847834313,5.156125958876885,0.3802836927735101,0.018514266593586792,1.753215246433047,3.8780759753304057,0.19193629271869783,0.24832680315682537,0.0021024564024814604,3.9616324834756407,0.538606635824351,0.0004858123847809549,0.20402481147158036,0.7115976437595846
USA_WIL_WC1,Fpe_Es_mm_day_y,0.1614889595441613,0.3615466095331962,1.3317403565684107,0.38841875097963063,0.426927293712206,0.011798560069201712,0.3240362517748381,0.5927841293060847,0.3008273673373005,0.08384489615053589,0.0005297856814328563,0.5497803118481872,0.3134293229336936,0.0710714415823617,0.021537622379514103,0.3542609003049561
USA_WIL_WC1,Ovi_Es_mm_day_y,0.10328241337617744,0.5488854971834215,0.1067972362943152,0.036138840910740676,0.45069310135682844,0.005806524305538027,0.03665995841486426,0.04623721699330134,0.3006679300895505,0.07477743028937721,5.859049574825649e-05,0.041046238714556635,0.3489268585754341,0.03700269497741852,0.0023395548008840255,0.020198322599224446
USA_WIL_WC1,Qru_Es_mm_day_y,-0.11323407410422467,0.5108292468199196,-0.16657097144563068,0.1700323554111674,0.37914140729482404,0.02258074207319511,0.043873352738293465,0.09222444306409512,0.3536397173443728,0.03435637582401822,9.803691765369229e-05,0.07281111534461471,0.4556917030998189,0.005223105156486664,0.004346688236906332,0.02896170518239008
USA_WIL_WC1,Tam_Es_mm_day_y,-0.12423620378504606,0.4703471937587338,-6.956971664338276,5.30992216916472,0.2804001081554549,0.09763175900846917,1.2351726300634756,2.4269828775143223,0.2879474696402202,0.08856936721728684,0.0030387275042518436,1.7486628563978335,0.5482540637831584,0.0005368382746584088,0.1990760920363936,-0.9458701621065901
USA_WVF,Aru_Es_mm_day_y,0.44741828660904764,0.002059131166575575,3.673633254127225,0.08529104027845136,0.36633540258707864,0.013323237714342325,0.418828099768673,0.27243718255378685,0.6072559904785603,9.733223014778626e-06,0.0019352455627365027,-0.14644136844359068,0.16919550013659643,0.2665283879872653,0.021010309553774784,0.21035757932115223
USA_WVF,Asa_mean_y,0.6600226427829889,8.128402375979972e-07,46.10966590917001,-0.7290721831739573,0.26613422450756674,0.07721706952244475,2.5888609329750256,4.054408790200639,0.4809161497112923,0.0008257767960852527,0.013040213667210093,1.018997089549547,0.29593892799160865,0.04840282315414208,0.3126776306033512,-0.1946499199761238
USA_WVF,Pse_Es_mm_day_y,0.28062835936027164,0.06186605410767706,0.5548860713171413,0.06548208126969174,0.30713005403952476,0.04014942246762998,0.08456086862997837,0.0743153624814388,0.48487547728868413,0.0007366406437716367,0.0003721214387930527,-0.0025557953926538257,0.05599488928166084,0.7148562470568339,0.0016744887403608076,0.11606843861820487
USA_WVF,Qal_Es_mm_day_y,0.5903000009017981,1.971939655751417e-05,0.43663857417991375,0.019586286975606965,0.23823263899005312,0.1150425891856999,0.02453722419954914,0.06486386005898276,0.4908649020975347,0.0006181184601824638,0.0001409267711761607,0.02892025855933108,0.394562900305829,0.007316031375169198,0.004413947251032106,-0.006075939466357358
USA_WVF,Qru_Es_mm_day_y,0.6981271224207524,9.765270829921985e-08,6.236090348814007,-0.6121135881268132,-0.14476481954699355,0.34272474754057414,-0.18005938995830437,0.5186054130418016,0.0593509454610423,0.6985516846823244,0.00020577268989699655,0.26913362344416725,0.173172894752825,0.25528346398679985,0.02339480231443234,-0.14035517647288642
