site,species,const,b_swc,b_vpd,b_sw,b_ta,p_const,p_swc,p_vpd,p_sw,p_ta,r2,r2_adj,f_pvalue
AUS_RIC_EUC_ELE,Ete,1.249E-15,-0.209984685,-0.621235286,0.63900964,0.153173826,1,0.027244596,0.003259172,8.23292E-11,0.472123935,0.472092451,0.446022943,1.16739E-10
AUS_WOM,Eob,-2.01228E-16,0.261321764,0.00571244,0.433484982,0.725083723,1,3.70224E-08,0.965833889,2.19006E-16,2.31786E-07,0.756976588,0.749137123,3.89775E-37
AUS_WOM,Eru,-9.29812E-16,-0.066956469,0.04368035,0.371237386,0.775299973,1,0.073773164,0.694708842,5.39746E-17,1.29764E-10,0.830852006,0.825395619,7.46123E-47
AUT_TSC,Psy,2.77556E-17,-0.033171388,,0.763266337,,1,0.877197455,,0.003073812,,0.559150885,0.491327945,0.004873992
CAN_TUR_P39_POS,Pst,6.245E-17,0.550817928,-0.011599841,0.327492102,-0.052578932,1,2.30153E-07,0.935966231,0.010048221,0.642391376,0.469203354,0.440118606,1.65264E-09
CAN_TUR_P39_PRE,Pst,-6.8695E-16,0.057880721,0.354099285,-0.159265772,-0.228940645,1,0.703730282,0.111130462,0.42830106,0.18180221,0.080676055,0.00713014,0.3683625
CAN_TUR_P74,Pst,-2.35922E-16,0.451107136,-0.290448557,0.651092542,0.09914484,1,9.42669E-06,0.043090807,2.4651E-07,0.369121282,0.548014344,0.521426952,3.69159E-11
CHE_DAV_SEE,Pab,-5.55112E-17,-0.219657786,0.255719486,0.641301106,0.471225483,1,0.151790691,0.239927565,0.003314001,0.057755352,0.908069823,0.874640668,1.19334E-05
CHE_PFY_CON,Psy,-1.80411E-16,0.626426569,,0.156462119,,1,0.000144319,,0.281599595,,0.437836046,0.397681478,0.000314834
CZE_BIK,Pab,7.35523E-16,0.085393751,,0.700342747,0.202829001,1,0.759970037,,0.015234132,0.47635654,0.611849356,0.482465808,0.030194065
CZE_LAN,Cbe,4.64906E-16,0.087020385,,0.669530485,0.395805504,1,0.220976666,,7.09679E-09,6.73892E-05,0.90947868,0.899033912,1.09733E-13
CZE_LAN,Fex,5.44703E-16,0.440613533,,0.543407548,0.40744326,1,2.47217E-05,,9.27721E-06,0.000562892,0.860578303,0.844491184,2.93646E-11
CZE_LAN,Qro,-3.95517E-16,-0.442898942,,0.702462644,0.238551097,1,5.35523E-07,,1.44012E-09,0.006624536,0.915301015,0.905528055,4.63735E-14
CZE_LIZ_LES,Pab,-1.07379E-15,0.231486081,0.346087654,-0.296932769,0.498807252,1,0.029973776,0.126485265,0.020128493,0.015360621,0.607958142,0.568753956,9.68004E-08
CZE_STI,Fsy,1.11022E-16,-0.115038816,0.113374381,0.792911792,0.002855471,1,0.200808759,0.614228805,2.95786E-05,0.986965688,0.818383031,0.791476813,1.20097E-09
DEU_STE_4P5,Fsy,-4.92661E-16,0.152863027,-0.78037923,0.508140806,0.408006491,1,0.317963704,0.00430492,0.00394305,0.095499487,0.177472261,0.121707669,0.019579781
ESP_ALT_ARM,Pni,-3.46945E-18,0.222292336,-1.188312744,0.690424556,0.87001118,1,0.05336253,1.91616E-06,2.64508E-07,1.56976E-05,0.808337278,0.787616984,8.50791E-13
ESP_ALT_ARM,Qfa,8.88178E-16,-0.267115776,-1.397810728,0.841756908,0.818089734,1,0.132952167,0.000137961,1.90158E-05,0.004922019,0.533020189,0.482535885,8.27713E-06
ESP_ALT_ARM,Qil,-1.94289E-16,-0.152586292,-1.258568095,0.58813788,1.098935206,1,0.415138429,0.000941101,0.002691316,0.000565024,0.470430066,0.413179263,7.57679E-05
ESP_ALT_HUE,Pni,3.23352E-15,0.372032683,,-0.349052229,,1,0.19495893,,0.221683272,,0.317210142,0.18065217,0.148400481
ESP_ALT_HUE,Qfa,-2.10942E-15,-0.697113962,,-0.278697877,,1,0.013853246,,0.261306358,,0.478414952,0.374097943,0.03860341
ESP_CAN,Aun,-1.8735E-16,0.629126778,-0.111733369,0.314748185,0.106200595,1,8.61886E-13,0.43644805,0.000165737,0.433159007,0.472568647,0.454062283,4.07033E-15
ESP_CAN,Pha,8.67362E-18,0.902077223,-0.281945994,0.184806461,0.238809723,1,5.89111E-36,0.00169507,0.000230467,0.004487858,0.828543349,0.821884839,1.58173E-38
ESP_CAN,Qil,3.53884E-16,0.684109075,0.038062768,0.304906036,-0.176813365,1,2.92367E-19,0.742412487,8.18078E-06,0.107613317,0.656088664,0.644021599,1.45127E-25
ESP_CAN,Qpu,6.76542E-17,0.623484473,-0.334933429,0.085228909,0.225989854,1,3.52696E-12,0.02431461,0.305907334,0.105443061,0.445185774,0.425718608,6.88042E-14
ESP_TIL_MIX,Psy,1.33574E-16,0.875208749,-0.02409016,0.098792623,0.260101338,1,4.96414E-59,0.725302617,0.015811515,0.000143215,0.690534145,0.685419007,1.95559E-60
ESP_TIL_MIX,Qil,-5.89806E-17,0.424574878,-0.135246884,0.434397332,0.250010465,1,1.38845E-12,0.163912245,8.58537E-13,0.009194343,0.380825765,0.37059148,3.03524E-24
ESP_TIL_OAK,Qil,4.90493E-16,0.753079362,-0.007460142,0.379049567,0.172603963,1,2.15245E-18,0.945693163,4.02921E-07,0.108726986,0.67278298,0.658076597,7.95611E-21
ESP_TIL_PIN,Psy,5.89806E-17,0.84640068,-0.218267318,0.334168593,0.488860287,1,1.6118E-31,0.014434466,2.18315E-08,6.90326E-08,0.75739677,0.748327491,5.13135E-32
ESP_VAL_BAR,Qpu,-7.63278E-16,-0.388333263,0.659126384,-0.13243563,-0.122755911,1,0.000203928,0.000745323,0.233304822,0.48614791,0.454025411,0.417627105,1.90609E-07
ESP_VAL_SOR,Psy,-1.70003E-16,0.578003507,-0.552287602,0.345216424,0.671620339,1,4.71061E-05,0.00242352,0.003453682,0.000607458,0.48574186,0.44197521,2.02629E-06
FIN_PET,Bpu,1.11022E-16,-0.05469428,0.713421156,0.400727152,-0.658456872,1,0.764312435,0.060474802,0.08576992,0.051302424,0.468856187,0.357036437,0.013373374
FRA_PUE,Qil,8.67362E-18,0.222131229,-0.299732365,0.541246402,0.088552016,1,1.03155E-06,0.000265084,1.02945E-26,0.211877388,0.348862061,0.342956048,6.40573E-40
GBR_ABE_PLO,Psi,-4.85723E-17,1.406426577,-0.083050481,0.42125667,-1.408172299,1,0.017700721,0.861990636,0.288594239,0.037365282,0.430459299,0.22335359,0.152299047
GBR_DEV_CON,Psy,-3.60822E-16,-0.644820876,0.81746712,0.24021123,-0.330392888,1,5.25615E-08,1.92292E-10,0.00832797,0.005772252,0.749571037,0.730670738,2.42399E-15
GBR_DEV_DRO,Psy,-1.83881E-16,0.413666759,0.069957962,0.479750819,-0.043040822,1,0.004519398,0.633099237,0.000237921,0.790605823,0.492472954,0.454169027,2.19969E-07
GBR_GUI_ST1,Psy,-2.22045E-16,-0.125485777,,0.632898633,,1,0.677609041,,0.064962441,,0.41392046,0.246469162,0.154116083
GBR_GUI_ST2,Psy,2.498E-16,0.215952163,,0.802577521,,1,0.143846827,,4.98651E-05,,0.731399028,0.693027461,0.000100868
GBR_GUI_ST3,Psy,-2.77556E-16,-0.186526419,,0.904192254,,1,0.137570835,,3.53167E-06,,0.820938811,0.793390935,1.39479E-05
GUF_GUY_GUY,Ggl,1.94289E-16,0.574072225,0.087018957,0.358269082,-0.310328466,1,1.30602E-09,0.448784452,0.004342422,0.001091705,0.379417224,0.353559608,2.17751E-09
GUF_GUY_GUY,Isa,1.48839E-15,-0.499355716,0.372019016,0.221041421,-0.130161283,1,1.08966E-09,0.000344426,0.017659717,0.038785628,0.786924767,0.772229923,8.02441E-19
GUF_GUY_GUY,Lme,-2.35922E-16,0.239981826,-0.157570852,0.079379337,0.422356211,1,0.031708676,0.287182926,0.623837077,0.000724369,0.249839604,0.208164026,0.000320109
GUF_GUY_GUY,Oas,-7.80626E-17,0.799365296,0.201163659,0.204802669,0.093843933,1,1.2738E-20,0.027487431,0.036029876,0.197834252,0.617212607,0.601263133,2.93805E-19
GUF_GUY_GUY,Ssp,-1.07206E-15,0.197833156,0.17609863,0.493094086,-0.388867196,1,0.032298737,0.160767053,0.000510253,0.000236487,0.307941625,0.278492332,4.74559E-07
GUF_GUY_GUY,Vam,9.71445E-16,-0.520817128,-0.076834197,0.564143244,-0.100189722,1,1.53018E-08,0.495859478,6.262E-06,0.249018326,0.620033151,0.59832076,4.4376E-14
GUF_GUY_ST2,Dgu,4.35416E-16,0.400133702,-0.027362826,0.084481806,0.002640575,1,0.00393244,0.890804681,0.552984625,0.987895608,0.164957549,0.117240837,0.012320078
GUF_GUY_ST2,Ggl,4.7011E-16,0.680456243,-0.299239381,0.625556714,0.029151708,1,2.18201E-14,0.002980696,6.41907E-13,0.734416856,0.803896167,0.791639677,6.116E-22
GUF_GUY_ST2,Oas,-3.88578E-16,0.665447654,-0.134136588,0.440442842,0.048093737,1,2.99066E-09,0.358222277,6.35138E-05,0.705319219,0.554596045,0.52914439,1.03813E-11
GUF_GUY_ST2,Rsp,3.05311E-16,-0.547203428,-0.539897485,0.863684526,-0.053370438,1,0.001361056,0.015331504,9.39327E-06,0.772435952,0.493839998,0.437599997,4.7026E-05
GUF_GUY_ST2,Ssp,5.68989E-16,0.573708576,-0.228887046,0.637277426,-0.068936303,1,8.16155E-10,0.059709608,1.73822E-10,0.511371017,0.697196385,0.679893321,1.75996E-17
GUF_GUY_ST2,Vsp,-1.27502E-15,0.695101685,-0.403895485,0.579395899,0.232783608,1,8.29476E-12,0.001983836,1.18611E-08,0.03748965,0.665504399,0.646390365,5.48453E-16
GUF_GUY_ST2,Vam,-1.78677E-15,0.266499521,0.403599627,0.260863357,-0.226257659,1,0.080600722,0.088982235,0.128526654,0.23459992,0.286848805,0.228632381,0.002030233
IDN_JAM_RUB,Hbr,-1.9984E-15,0.253825462,,0.526125235,-0.229233668,1,0.405622945,,0.161376639,0.597192521,0.269363317,0.140427432,0.13957727
IDN_PON_STE,Cac,-1.66533E-16,0.783996905,0.015880671,0.299715124,0.145401497,1,4.46177E-07,0.930066905,0.03240305,0.462440392,0.637733375,0.589431158,2.56647E-06
IDN_PON_STE,Cla,-7.35523E-16,0.264641043,0.684884241,0.254108291,0.196977002,1,0.00339762,4.14079E-06,0.008922711,0.148569662,0.832440851,0.810099631,3.1076E-11
IDN_PON_STE,Msp,2.498E-16,0.022182089,-0.079566734,0.539560617,0.36613434,1,0.86934501,0.687888282,0.000877031,0.096712077,0.567114718,0.509396681,3.33905E-05
IDN_PON_STE,Plu,9.99201E-16,0.6234731,0.037990091,0.542707758,0.149871072,1,1.07237E-05,0.828072438,0.000217553,0.433459902,0.661682736,0.616573767,9.51247E-07
IDN_PON_STE,Pex,-3.05311E-16,0.763195031,0.381468224,0.14001197,-0.035058151,1,8.01997E-06,0.076873187,0.373594803,0.878108478,0.512272642,0.447242327,0.00018255
IDN_PON_STE,Pfi,-1.11022E-16,-0.053222691,0.021997118,0.566647638,0.205269371,1,0.705807832,0.915213236,0.000830476,0.36471114,0.527741638,0.464773856,0.000115577
IDN_PON_STE,Sap,7.21645E-16,-0.343925967,-0.036533639,0.647523002,0.20376109,1,0.000975965,0.793091703,6.04141E-07,0.18523813,0.785593572,0.757006048,1.18913E-09
IDN_PON_STE,Var,1.44329E-15,0.19279625,0.014848288,0.044447088,0.223213906,1,0.333036994,0.959149517,0.836889051,0.481179086,0.070206681,-0.053765762,0.688979768
ISR_YAT_YAT,Pha,-1.82146E-16,0.00471921,-0.261611154,-0.101123638,-0.057971114,1,0.965788546,0.169459691,0.264815963,0.774531726,0.106058947,0.075496859,0.0102134
ITA_FEI_S17,Lde,-1.14492E-16,0.454295223,-0.164354559,0.316941305,-0.211213247,1,0.001771923,0.44918671,0.058991162,0.24560764,0.462973513,0.407893873,5.44666E-05
ITA_KAE_S20,Lde,-2.35922E-16,0.005539659,-0.288841837,0.010972005,0.971660902,1,0.977770179,0.28688344,0.948552663,0.0042088,0.537177178,0.477458104,6.07625E-05
ITA_MAT_S21,Lde,4.92661E-16,0.540194275,0.072402341,-0.414000762,0.601338605,1,0.039044158,0.849547446,0.060474655,0.113366908,0.208046244,0.109052024,0.103647459
ITA_MAT_S21,Pce,2.22045E-16,0.597639499,-0.068971695,-0.095073289,0.14398096,1,0.017935999,0.849786359,0.642689934,0.685635679,0.279001714,0.188876928,0.029138057
ITA_MUN,Lde,-5.68989E-16,0.723011915,0.049885307,0.301334539,-0.098059656,1,1.81903E-12,0.744340369,0.003644909,0.430426002,0.59304699,0.572950545,3.84417E-15
ITA_RUN_N20,Lde,-7.63278E-17,0.569917182,0.151234157,0.02106676,0.040394205,1,9.84011E-08,0.284277829,0.859174748,0.74681419,0.343762179,0.308289864,2.33666E-06
ITA_RUN_N20,Pce,-1.38778E-16,0.716773212,0.170303677,0.172490875,0.053800815,1,5.15644E-14,0.133949759,0.072993867,0.591868741,0.578398241,0.555608957,2.96245E-13
ITA_TOR,Lde,1.52656E-16,0.066772919,0.121498134,0.445382731,-0.001358576,1,0.638814072,0.45073172,0.000190855,0.994061552,0.242651444,0.198101529,0.000728125
NZL_HUA_HUA,Aau,-5.06539E-16,0.421713897,0.46307645,0.259402814,-0.178271709,1,8.63789E-08,2.76192E-06,0.00039439,0.0279929,0.317861304,0.301121704,7.77084E-13
RUS_POG_VAR,Lgm,-3.88578E-16,0.281433751,-0.463439633,0.528329109,0.801577186,1,0.011670855,0.02478758,0.001224473,3.24037E-05,0.811007634,0.784008725,9.16286E-10
RUS_POG_VAR,Lsi,6.66134E-16,0.158738916,-0.042147672,0.600051333,0.421927668,1,0.004204609,0.734699556,1.3772E-10,6.52949E-05,0.805071099,0.795201281,2.92408E-27
RUS_POG_VAR,Psi,6.93889E-18,0.318662801,-0.256696535,0.526580853,0.416359819,1,0.000297299,0.189018072,8.50279E-05,0.009402234,0.523622594,0.499502219,4.1228E-12
SWE_NOR_ST1_BEF,Pab,4.85723E-16,-0.020327509,0.481969355,0.470674181,0.061239369,1,0.825812905,0.063243236,0.01142681,0.735796312,0.935759325,0.91239908,1.7045E-06
SWE_NOR_ST1_BEF,Psy,2.77556E-17,0.065011505,-0.910807487,0.753796447,1.118594919,1,0.701242679,0.056312856,0.022499619,0.005390875,0.784781172,0.70651978,0.001138808
SWE_NOR_ST2,Pab,-1.94289E-16,0.520196182,-0.592881065,0.655860668,1.195288594,1,0.165433587,0.306300613,0.169635207,0.049491913,0.903800281,0.775533989,0.070287932
SWE_NOR_ST2,Psy,2.77556E-17,0.740608653,-0.326643657,0.542282439,0.926641514,1,0.067841646,0.518078268,0.207078394,0.075721305,0.917141804,0.806664209,0.056662682
SWE_NOR_ST3,Pab,7.21645E-16,-0.057472045,-0.437906306,0.334120164,0.56737765,1,0.661468698,0.23475899,0.096751189,0.061116012,0.192073306,0.132226884,0.019518719
SWE_NOR_ST3,Psy,-1.64799E-17,0.679637033,-0.005272608,-0.054044559,0.383496537,1,1.07178E-08,0.985117954,0.724631423,0.099839417,0.518420409,0.482747847,4.05558E-08
SWE_NOR_ST4_AFT,Bpu,4.44089E-16,-0.280373086,,,0.557867592,1,0.228367643,,,0.025148819,0.331005459,0.23543481,0.05997331
SWE_NOR_ST4_AFT,Pab,-1.94289E-16,-0.25357508,,,0.512079834,1,0.291379246,,,0.043911291,0.277694499,0.174507998,0.102576165
SWE_NOR_ST4_AFT,Psy,-5.55112E-17,-0.371867543,,,0.534104776,1,0.112471869,,,0.029008091,0.348861869,0.255842136,0.049626301
SWE_NOR_ST4_BEF,Pab,2.77556E-17,-0.520295292,,,,1,0.151010801,,,,0.270707191,0.166522504,0.151010801
SWE_NOR_ST4_BEF,Psy,2.77556E-17,-0.57813144,,,,1,0.102975192,,,,0.334235962,0.239126814,0.102975192
SWE_NOR_ST5_REF,Bpu,-2.77556E-16,-0.235068997,,,0.247566193,1,0.426943221,,,0.403526224,0.109790279,-0.052066034,0.527482224
SWE_NOR_ST5_REF,Pab,4.16334E-17,0.195678977,,0.74847516,0.257500408,1,0.057626428,,1.03746E-06,0.025793848,0.824102709,0.796329452,2.23968E-07
SWE_NOR_ST5_REF,Psy,5.55112E-16,0.23005446,,0.77048255,0.109550816,1,0.07450324,,1.48228E-05,0.423865893,0.721253395,0.677240773,1.67575E-05
THA_KHU,Hbr,2.2031E-16,0.763704829,-0.243668867,0.157705206,0.333205639,1,3.01129E-26,0.002106097,0.002580864,1.73373E-08,0.862763937,0.857274495,3.29782E-42
USA_DUK_HAR,Cto,-9.36751E-17,0.245476198,-0.543149043,0.462513403,0.651728274,1,0.111130581,0.040316786,0.048262885,0.001221709,0.365103651,0.285741607,0.004768773
USA_DUK_HAR,Lst,1.85615E-16,0.143233388,0.346331798,0.54528686,-0.072582339,1,0.155485168,0.046233311,0.000842935,0.551860576,0.72580313,0.691528522,1.2877E-08
USA_DUK_HAR,Ltu,1.94289E-16,0.209370021,0.598776827,0.208069348,-0.195333855,1,0.095976271,0.005738503,0.263333465,0.18896992,0.592632108,0.540068509,9.17889E-06
USA_DUK_HAR,Qal,-3.747E-16,0.111240949,0.043140533,0.693735667,-0.038910342,1,0.368803012,0.836220565,0.000643793,0.796453538,0.578818212,0.526170489,1.00625E-05
USA_DUK_HAR,Qmi,8.32667E-17,0.119415024,0.333249514,0.052632928,0.291689778,1,0.482270844,0.183554653,0.829684966,0.138554884,0.315153711,0.217318527,0.027019261
USA_DUK_HAR,Qph,-6.93889E-16,0.107973894,0.259210052,0.092761863,0.201020419,1,0.554950086,0.333413188,0.725167586,0.337870458,0.204737639,0.091128731,0.156474859
USA_HIL_HF1_POS,Aru,-2.35922E-16,-0.000140223,0.323382385,0.432706286,-0.017244661,1,0.998697327,0.011958493,6.42223E-06,0.859047639,0.433408693,0.413173289,3.85243E-13
USA_HIL_HF1_POS,Lst,1.04083E-17,-0.166640788,0.14609504,0.395472584,0.119277424,1,0.068301537,0.27687849,7.92137E-05,0.246319505,0.367700935,0.345118825,1.53441E-10
USA_HIL_HF1_POS,Ltu,8.32667E-17,0.277739213,0.331618104,0.280635585,-0.152632785,1,0.006020775,0.025527078,0.009116828,0.17622952,0.240850257,0.213737766,2.87961E-06
USA_HIL_HF1_POS,Pta,9.54098E-18,-0.100335726,0.226306266,0.435147647,-0.347024764,1,0.293310716,0.109683211,3.73159E-05,0.001624597,0.303259349,0.278375754,2.92978E-08
USA_HIL_HF1_POS,Qsp,-2.94903E-16,-0.223602625,-0.037385891,0.267954024,-0.206056475,1,0.040510699,0.814929361,0.021616275,0.093933122,0.101928092,0.069854095,0.01629347
USA_HIL_HF2,Aru,-4.23273E-16,0.295334833,0.582170006,0.322868453,-0.193732639,1,0.0011126,1.14493E-06,0.000657656,0.036348344,0.501351732,0.478940573,8.306E-13
USA_HIL_HF2,Fgr,-4.51028E-17,0.233175091,-0.258588218,0.851176732,0.274973457,1,0.005952026,0.033976208,2.08957E-13,0.006345481,0.693940182,0.673870686,4.60006E-15
USA_HIL_HF2,Lst,-2.498E-16,0.185376561,-0.014171817,0.442609658,0.143325381,1,0.087197022,0.917439629,0.000151933,0.202005531,0.253966726,0.220437141,2.67731E-05
USA_HIL_HF2,Ltu,-4.44089E-16,-0.053442499,0.006629609,0.324245035,0.040453394,1,0.647257562,0.964381224,0.009019042,0.739103195,0.120257651,0.080718669,0.021217471
USA_HIL_HF2,Pta,4.16334E-17,0.032650453,0.197352608,0.53985809,-0.047322172,1,0.731112624,0.104888883,4.2082E-07,0.632204218,0.417511711,0.391332462,7.03197E-10
USA_HIL_HF2,Pvi,2.77556E-17,-0.213960051,0.433716681,0.448677684,-0.865021235,1,0.162658045,0.022188302,0.002857255,9.4982E-07,0.71976833,0.671032387,4.11028E-06
USA_HIL_HF2,Qsp,-8.32667E-17,0.118037213,0.286819747,0.039578804,-0.655938445,1,0.352648954,0.093620272,0.793671284,3.9563E-06,0.35032665,0.303077679,7.51294E-05
USA_HUY_LIN_NON,Pgl,5.20417E-16,0.072364545,,0.875210199,,1,0.628209913,,0.000124994,,0.805553521,0.766664225,0.000277972
USA_INM,Asa,5.55112E-17,0.343032377,0.500138249,0.458642511,0.338084504,1,0.014030415,0.011189992,0.009208294,0.003848667,0.883915302,0.856601256,9.56498E-08
USA_INM,Fam,2.77556E-17,0.0106339,-0.445326432,0.02609189,-0.134180006,1,0.9740018,0.337350954,0.948838875,0.611685014,0.235705167,0.055871089,0.305734611
USA_INM,Ltu,-1.06165E-15,0.360322758,0.250061846,0.554771237,0.481130757,1,0.02943416,0.255746176,0.00920192,0.001068862,0.830192118,0.790237323,2.29507E-06
USA_INM,Qal,-7.42462E-16,-0.116991313,0.496295305,0.351820317,0.332094302,1,0.491205929,0.048299567,0.107749272,0.024137466,0.795605727,0.747512957,1.06904E-05
USA_INM,Sal,3.89966E-15,0.026876318,0.108391656,0.503274827,0.537701904,1,0.913279351,0.754530853,0.115049563,0.013937183,0.562927226,0.460086573,0.005093325
USA_INM,Uam,-8.32667E-17,0.025147295,-0.588426504,0.452827087,0.354248519,1,0.939469114,0.215867279,0.28093647,0.196141184,0.212866158,0.027658195,0.367299831
USA_MOR_SF,Asa,1.17961E-15,0.15097328,-0.43370702,0.544895574,0.653693023,1,0.154243049,0.000592232,4.23107E-07,1.94953E-07,0.501545451,0.472649536,6.77036E-10
USA_MOR_SF,Ltu,1.8735E-16,-0.149154002,-0.992113017,0.385372561,0.610059894,1,0.192183174,1.08874E-09,0.000524235,1.29162E-05,0.456036616,0.422038905,5.38473E-08
USA_MOR_SF,Qal,-4.71845E-16,-0.428803353,0.33034057,0.112584669,0.162871744,1,0.000576616,0.024919057,0.35863255,0.189865088,0.499143473,0.459860608,3.02206E-07
USA_MOR_SF,Qru,7.61544E-16,-0.319310501,0.505959658,0.049455478,0.154209682,1,0.003901045,0.000270075,0.65463409,0.170219337,0.590415118,0.558290814,2.0912E-09
USA_PAR_FER,Pta,-5.13478E-16,0.132440522,-0.305557338,0.67478654,0.337015112,1,0.140446385,0.014640941,5.64704E-11,0.004005256,0.392328355,0.366469987,1.32168E-09
USA_PJS_P04_AMB,Jmo,-4.57967E-16,0.591385798,,0.058313003,-0.238191341,1,1.66233E-20,,0.350500161,0.000269282,0.471919855,0.463447981,8.94364E-26
USA_PJS_P04_AMB,Ped,-2.60209E-18,0.785207229,,-0.049441286,-0.125050643,1,3.44906E-46,,0.274005242,0.007666579,0.723709292,0.719276821,5.47016E-52
USA_PJS_P08_AMB,Jmo,1.58294E-17,0.727298757,,0.259327301,-0.223923355,1,4.97036E-35,,3.24865E-06,3.91505E-05,0.551232768,0.545301923,2.87069E-39
USA_PJS_P08_AMB,Ped,5.55112E-17,0.792661229,,0.121405766,-0.190392559,1,1.51029E-49,,0.008124163,2.96564E-05,0.685754289,0.681601262,8.7178E-57
USA_PJS_P12_AMB,Jmo,-2.74086E-16,0.536935501,-0.131053466,0.198198968,0.032627405,1,2.77919E-12,0.491780212,0.013119163,0.840939067,0.300212214,0.285633302,3.90197E-14
USA_PJS_P12_AMB,Ped,-1.02349E-16,0.664487295,-0.181589705,0.189651173,-0.041605175,1,1.88374E-22,0.252875151,0.004443487,0.758470197,0.515343939,0.505246938,3.19661E-29
USA_SIL_OAK_1PR,Pri,-3.46945E-18,0.715863979,,0.379513719,-0.218670352,1,0.021962564,,0.100625982,0.401295029,0.663915653,0.551887537,0.016282249
USA_SIL_OAK_1PR,Qco,1.52656E-16,0.574164289,0.469327059,-0.049327161,-0.796269515,1,0.016168986,0.287251692,0.847727932,0.039559608,0.639133379,0.518844505,0.010677235
USA_SIL_OAK_1PR,Qmo,1.21431E-16,0.440284942,-0.165334809,0.233251342,-0.344990782,1,0.017914915,0.655170248,0.275096491,0.263986848,0.583722855,0.500467426,0.001068331
USA_SIL_OAK_1PR,Qve,1.17961E-16,0.779826344,-0.670003554,0.55245472,0.453569541,1,8.37765E-05,0.049895613,0.005275173,0.10765642,0.739446718,0.678140063,7.89892E-05
USA_SIL_OAK_2PR,Qco,4.19803E-16,0.771752725,0.064061966,0.293246225,-0.002915937,1,7.07876E-10,0.731606051,0.038449305,0.98298066,0.721113454,0.691756976,4.27047E-10
USA_SIL_OAK_2PR,Qmo,-5.27356E-16,0.846017507,-0.009278522,0.241608474,0.078266828,1,1.19449E-12,0.953978353,0.047200805,0.507500697,0.793042286,0.771257263,1.61327E-12
USA_SIL_OAK_2PR,Qve,-5.6205E-16,0.251613116,-0.581096976,0.509393391,0.64169175,1,0.096661251,0.051869873,0.022130571,0.004425512,0.320075838,0.248504873,0.00464377
USA_SYL_HL2,Asa,-6.93889E-17,0.115741754,-0.197479696,0.815717492,0.262446196,1,0.525460839,0.595350384,0.024110959,0.477683292,0.733063911,0.635996242,0.003523449
USA_SYL_HL2,Bal,4.16334E-17,0.922604784,-0.010554031,0.516924331,-0.097931025,1,7.32061E-05,0.973230151,0.077774456,0.753392417,0.806471481,0.736097474,0.000649149
USA_SYL_HL2,Ovi,-5.55112E-16,-0.087101552,0.427652072,0.477536086,0.064114167,1,0.457125376,0.091384755,0.035904358,0.784344776,0.890553647,0.850754973,3.06419E-05
USA_SYL_HL2,Tca,-2.08167E-16,-0.095786926,0.598414501,0.23581072,0.132843082,1,0.413855892,0.0249849,0.262046458,0.572158844,0.89098798,0.851347246,2.99911E-05
USA_TNB,Aru,-3.19189E-16,0.090199891,0.04204858,0.440647983,0.383495766,1,0.534603516,0.793515043,0.006754986,0.017119727,0.562177718,0.517272869,1.21096E-06
USA_TNB,Qco,4.33681E-18,0.455927997,0.562595866,-0.606936159,0.136956213,1,0.008533415,0.003274234,0.001386362,0.45057042,0.420223539,0.359194437,0.000285386
USA_TNB,Qfa,-1.249E-16,0.585681538,0.562351623,-0.681555472,0.01879867,1,0.000490925,0.002101663,0.000181592,0.909720614,0.49900142,0.44761695,1.50464E-05
USA_TNB,Qve,-2.08167E-17,0.674220074,0.625089846,-0.730477207,-0.145405747,1,3.23744E-05,0.00033768,2.68757E-05,0.349379245,0.564812211,0.520177567,1.08113E-06
USA_TNO,Aru,-3.29597E-16,0.620361929,0.254661954,0.286467551,-0.3049318,1,6.69131E-09,0.054766241,0.020357708,0.000956853,0.589854045,0.570323285,1.42756E-15
USA_TNO,Ltu,-1.38778E-16,0.735954814,0.09325891,0.260676122,-0.093500587,1,1.53001E-05,0.669163991,0.186351577,0.510255077,0.666979385,0.636000723,8.29767E-10
USA_TNO,Qal,-2.74086E-16,0.636322512,0.678564435,-0.102731635,-0.310884242,1,1.41798E-07,2.10888E-05,0.463560013,0.003237315,0.456113792,0.430214449,1.56949E-10
USA_TNO,Qpr,-1.249E-16,-0.42118981,-0.432617469,0.33360282,0.683097762,1,0.001041463,0.012054756,0.035634393,6.02269E-08,0.318040466,0.285566202,1.49605E-06
USA_TNO,Qru,-8.67362E-17,-0.559840496,-0.464416106,0.191521812,0.630890523,1,1.82089E-05,0.006837996,0.220604447,3.54323E-07,0.326997659,0.294949929,8.81077E-07
USA_TNP,Aru,-3.46945E-17,0.203663818,-0.268501969,0.734152276,0.171905681,1,0.148730231,0.133442457,1.50283E-07,0.166004446,0.607599708,0.581439688,1.24685E-11
USA_TNP,Cfl,-3.92048E-16,0.009353106,-0.584447926,0.805474287,0.067732672,1,0.949958135,0.002891058,7.69073E-08,0.606157452,0.554121746,0.524396529,5.2794E-10
USA_TNP,Fsy,2.74086E-16,0.125448807,-0.236150837,0.398123667,0.529453732,1,0.480829318,0.299479998,0.011573079,0.001350669,0.415152734,0.375502072,1.77775E-06
USA_TNP,Ltu,4.82253E-16,0.261106772,-0.604258787,0.650538842,0.194646951,1,0.041791105,0.000343432,2.22235E-07,0.083329897,0.681035769,0.659771487,2.77526E-14
USA_TNP,Pta,-2.06432E-16,0.137883011,-0.64762796,0.750348056,0.118846892,1,0.296879217,0.000246466,2.07745E-08,0.307119483,0.652437449,0.629266612,3.50179E-13
USA_TNY,Aru,1.76942E-16,0.448582746,0.560915058,0.111069399,-0.258632578,1,0.000189857,0.001962942,0.408101693,0.076930386,0.355556728,0.309525065,4.97516E-05
USA_TNY,Ltu,-6.38378E-16,0.062581383,0.18903911,0.211878579,-0.541853233,1,0.606440242,0.313350878,0.14514152,0.000897478,0.253680335,0.200371788,0.002241534
USA_TNY,Pse,5.20417E-17,-0.002351397,0.117278173,0.1340327,-0.632831358,1,0.983752358,0.509884437,0.330234309,6.7692E-05,0.324153415,0.275878659,0.0001734
USA_UMB_CON,Aru,1.92554E-16,0.006645819,0.124143847,0.352721335,-0.009398879,1,0.930083519,0.339157467,0.000293846,0.931479035,0.191699509,0.173432831,1.1875E-07
USA_UMB_CON,Bpa,-6.93889E-17,0.409538404,-0.006262793,0.508597648,0.332692108,1,8.40239E-08,0.95897403,2.26639E-07,0.001251625,0.481478136,0.464477419,1.21126E-16
USA_UMB_CON,Pst,-1.21431E-17,0.135353874,0.101710562,0.334241949,-0.114768814,1,0.08105028,0.44270301,0.000754774,0.303570165,0.162371365,0.143334351,2.58764E-06
USA_UMB_CON,Pgr,1.73472E-16,-0.085710621,0.176975177,0.506947563,0.055242105,1,0.168224707,0.097040874,8.67294E-10,0.53741605,0.457804711,0.44555171,1.23309E-22
USA_UMB_CON,Qru,1.9082E-16,-0.209756837,0.113096438,0.297167708,-0.184618015,1,0.007365538,0.394813203,0.00272952,0.099712786,0.15747374,0.138325416,4.20044E-06
USA_UMB_GIR,Aru,-7.97973E-17,0.219283943,0.023610865,0.515909722,0.218378541,1,0.00020726,0.778825266,5.68436E-13,0.00406831,0.415504154,0.403755493,2.63955E-22
USA_UMB_GIR,Fgr,-4.16334E-17,0.20260335,0.151991326,0.37130487,-0.241923665,1,0.014938682,0.170323023,0.000156364,0.01649622,0.247847103,0.223584107,3.50701E-07
USA_UMB_GIR,Pst,-1.94289E-16,0.299114577,0.023753534,0.210252326,0.272582945,1,1.57027E-05,0.808844041,0.007797206,0.002073163,0.199961552,0.183960783,4.2976E-09
USA_UMB_GIR,Qru,-1.77809E-16,-0.303271029,0.179693932,0.158753464,-0.339524155,1,2.66569E-05,0.080135743,0.053198219,0.000247273,0.136315761,0.118955274,6.76995E-06
USA_WIL_WC1,Asa,3.747E-16,-0.049103675,0.429226956,-0.216831491,0.475228073,1,0.745733808,0.04514162,0.274505688,0.002729429,0.378166689,0.302792954,0.002853279
USA_WIL_WC1,Fpe,2.08167E-16,0.056132554,0.351296098,-0.022726053,0.169620162,1,0.763148766,0.252570164,0.931490612,0.383412131,0.205369994,0.095765856,0.141919462
USA_WIL_WC1,Ovi,-6.245E-17,0.031201873,0.41365485,-0.055860295,0.266179276,1,0.859942769,0.092667565,0.801169614,0.12505196,0.265735691,0.170991909,0.04264709
USA_WIL_WC1,Qru,-1.80411E-16,-0.143771502,0.269866849,0.106912292,0.332214834,1,0.404938059,0.252581838,0.620122064,0.05138405,0.307793506,0.218476539,0.019270316
USA_WIL_WC1,Tam,1.38778E-17,-0.065548906,0.101717196,0.11531039,0.48210154,1,0.697361204,0.657242229,0.585838409,0.005307497,0.334182524,0.248270591,0.011297489
USA_WVF,Aru,-3.31332E-16,0.48435032,0.302937994,0.381959873,-0.034991531,1,0.000289859,0.151614069,0.017248801,0.823681747,0.553711114,0.509082225,1.18626E-06
USA_WVF,Asa,-2.86229E-17,0.690638077,0.138619266,0.286633426,0.235198616,1,2.51257E-08,0.419292026,0.028345881,0.073311235,0.700179169,0.670197086,5.16929E-10
USA_WVF,Pse,-1.66533E-16,0.336814234,0.381184046,0.255274965,-0.195914685,1,0.030395845,0.142776508,0.184708678,0.313576864,0.324399052,0.256838957,0.002938798
USA_WVF,Qal,-7.63278E-17,0.515057156,-0.271285745,0.506527133,0.550310114,1,6.33003E-06,0.115135299,0.000225878,9.43002E-05,0.705177467,0.675695213,3.71786E-10
USA_WVF,Qru,-1.31839E-16,0.652357405,-0.286111099,0.088068267,0.415787865,1,2.57802E-06,0.165330131,0.560877224,0.009419784,0.574077343,0.531485077,4.81818E-07
